u,e,k,min,threshold,value,Topic Recall,Class Entropy,Cluster Entropy,Total Entropy,Mean_Newsworthiness,NumberOfEvents
1,2,3,1,3,1,0.4192,1.0430,1.1108,1.0769,43.23,1058
1,2,3,1,5,10,0.3934,1.2226,0.9582,1.0904,43.09,1042
1,2,3,2,3,3,0.4413,1.0878,0.9707,1.0292,47.22,1073
1,2,3,2,3,4,0.4340,1.1840,0.9425,1.0632,44.35,1073
1,2,3,3,7,5,0.4497,1.0631,1.0477,1.0554,46.31,1094
1,2,3,3,10,4,0.4413,1.1423,0.9820,1.0622,44.15,1089
1,2,4,1,5,5,0.4372,0.9820,1.1290,1.0555,44.99,1083
1,2,4,1,7,4,0.4463,1.0087,1.1246,1.0666,48.38,1088
1,2,4,2,3,2,0.4363,1.0586,1.0713,1.0649,45.11,1090
1,2,4,2,10,2,0.4435,0.9750,1.0830,1.0290,46.84,1095
1,2,4,2,10,3,0.4351,1.0816,1.0709,1.0762,46.42,1096
1,2,4,2,15,2,0.4241,1.1429,0.9867,1.0648,45.73,1056
1,2,4,4,6,4,0.4808,1.0685,0.9194,0.9940,50.88,1124
1,2,4,4,7,2,0.4784,0.8801,1.1439,1.0120,47.19,1125
1,2,5,1,5,3,0.4652,0.8537,1.1770,1.0153,47.99,1101
1,2,5,1,5,4,0.4493,0.9236,1.1908,1.0572,48.70,1100
1,2,5,1,7,10,0.4451,1.0311,1.0525,1.0418,45.50,1075
1,2,5,2,3,10,0.4305,1.2260,0.9436,1.0848,46.26,1076
1,2,5,2,4,2,0.4606,0.9856,1.0964,1.0410,46.39,1111
1,2,5,2,4,4,0.4751,0.9858,1.0119,0.9989,47.05,1111
1,2,5,3,5,4,0.4822,1.1164,0.9034,1.0099,50.60,1127
1,2,5,3,10,1,0.4672,1.2178,0.8258,1.0218,47.69,1121
1,2,5,4,6,5,0.4710,1.0099,0.9884,0.9991,46.03,1139
1,2,5,5,4,2,0.4823,0.9103,1.0736,0.9919,51.49,1143
1,2,5,5,6,5,0.4838,0.9999,0.9492,0.9746,48.62,1148
1,2,5,5,10,1,0.4785,1.1173,0.8407,0.9790,47.30,1140
1,2,6,1,4,10,0.4360,0.8948,1.1791,1.0370,46.04,1080
1,2,6,1,5,5,0.4585,0.8867,1.1761,1.0314,47.95,1111
1,2,6,1,6,5,0.4629,0.8833,1.2008,1.0421,49.96,1114
1,2,6,2,5,1,0.4777,1.0422,0.9826,1.0124,49.77,1126
1,2,6,3,5,3,0.4921,0.8866,1.0554,0.9710,47.24,1142
1,2,6,3,7,3,0.4799,0.8192,1.1772,0.9982,48.49,1146
1,2,6,3,7,10,0.4704,0.9334,1.1403,1.0369,47.57,1112
1,2,6,4,5,10,0.4486,1.0427,1.0541,1.0484,49.32,1119
1,2,6,4,6,2,0.4819,0.9235,1.0649,0.9942,50.58,1156
1,2,6,4,7,1,0.4857,0.9558,1.0783,1.0171,48.40,1154
1,2,6,5,5,3,0.4891,1.0465,0.9701,1.0083,50.87,1163
1,2,6,5,7,1,0.4993,0.9440,0.9740,0.9590,48.85,1164
1,2,6,5,15,4,0.4688,1.1205,0.9531,1.0368,46.20,1110
1,2,10,1,4,5,0.4706,0.9708,1.0972,1.0340,46.97,1131
1,2,10,1,10,5,0.4781,1.0116,0.9540,0.9828,47.13,1131
1,2,10,2,3,2,0.4868,0.9425,1.0716,1.0071,49.35,1143
1,2,10,2,7,5,0.4814,1.1837,0.8267,1.0052,48.43,1155
1,2,10,3,15,10,0.4506,1.2199,0.8681,1.0440,49.50,1085
1,2,10,4,3,4,0.5107,0.8294,1.0616,0.9455,50.41,1169
1,2,10,4,6,1,0.5032,0.9265,1.0535,0.9900,48.13,1181
1,2,10,5,5,2,0.5223,0.7763,1.1280,0.9521,51.28,1191
1,2,10,6,3,4,0.5116,1.1629,0.8072,0.9851,53.34,1186
1,2,10,8,4,4,0.5183,0.8814,0.9942,0.9378,50.91,1199
1,2,10,8,10,1,0.5247,1.1064,0.7625,0.9344,51.16,1196
1,2,15,1,4,1,0.4528,1.1634,0.8574,1.0104,45.95,1095
1,2,15,2,3,3,0.4517,1.1366,0.9773,1.0570,46.81,1106
1,2,15,2,7,1,0.4559,1.1501,0.9312,1.0406,48.01,1116
1,2,15,3,6,5,0.4727,0.8490,1.1750,1.0120,49.26,1128
1,2,15,3,10,1,0.4723,1.1545,0.8548,1.0047,49.39,1121
1,2,15,5,6,2,0.4809,0.9809,1.0160,0.9984,48.66,1150
1,2,15,5,15,1,0.4437,1.0831,0.9598,1.0214,45.28,1095
1,2,15,8,3,10,0.4600,1.1258,0.9639,1.0449,48.02,1115
1,2,15,8,15,4,0.4628,1.1836,0.8634,1.0235,46.89,1107
1,2,20,1,4,2,0.3659,1.1011,1.1214,1.1113,42.09,1006
1,2,20,1,4,10,0.3535,1.0279,1.2811,1.1545,43.86,985
1,2,20,1,10,10,0.3630,1.0552,1.1869,1.1211,43.64,985
1,2,20,2,5,3,0.3977,1.1615,0.9912,1.0763,45.86,1021
1,2,20,2,7,4,0.4043,0.9502,1.1943,1.0723,44.06,1023
1,2,20,2,15,2,0.3500,1.2515,1.0136,1.1326,41.25,986
1,2,20,2,15,5,0.3715,1.0274,1.2409,1.1342,43.01,984
1,2,20,4,5,1,0.3999,1.2821,0.8994,1.0907,44.78,1036
1,2,20,5,5,4,0.3969,1.3030,0.9277,1.1153,44.06,1044
1,2,20,5,10,3,0.4093,1.1955,1.0222,1.1089,43.95,1041
1,2,20,5,10,5,0.4136,1.1214,1.0152,1.0683,44.46,1039
1,2,20,5,15,5,0.3868,1.1462,1.0411,1.0937,41.42,1006
1,2,20,6,7,10,0.4084,1.0834,1.1182,1.1008,44.20,1027
1,2,20,8,3,4,0.3985,1.0908,1.0697,1.0802,46.50,1044
1,2,20,8,6,5,0.4134,1.2611,0.9209,1.0910,44.88,1053
1,2,20,8,7,5,0.4206,0.9788,1.1604,1.0696,44.19,1053
1,2,20,8,15,10,0.3816,0.9920,1.2090,1.1005,44.57,992
1,3,3,1,10,3,0.4449,1.1827,0.9117,1.0472,45.86,1078
1,3,3,1,15,2,0.4087,1.2530,0.8868,1.0699,43.41,1040
1,3,3,2,3,2,0.4359,1.0799,0.9856,1.0327,44.31,1086
1,3,3,2,7,1,0.4358,1.0403,1.1054,1.0728,44.10,1096
1,3,3,3,3,5,0.4352,1.1344,0.9585,1.0465,45.17,1096
1,3,3,3,6,4,0.4493,0.9313,1.1777,1.0545,47.24,1109
1,3,3,3,15,3,0.4094,1.0899,1.0502,1.0701,43.82,1063
1,3,4,1,5,4,0.4623,0.8724,1.1703,1.0213,46.79,1099
1,3,4,1,10,4,0.4442,0.9170,1.1887,1.0528,47.18,1095
1,3,4,1,10,5,0.4390,0.8752,1.2443,1.0598,47.07,1093
1,3,4,1,15,1,0.4142,1.0658,1.0504,1.0581,42.92,1054
1,3,4,2,10,10,0.4311,1.2591,0.8744,1.0667,44.95,1080
1,3,4,3,7,3,0.4593,1.1792,0.8460,1.0126,47.07,1130
1,3,4,4,4,4,0.4806,1.0049,0.9614,0.9831,48.91,1132
1,3,4,4,15,1,0.4265,1.2039,0.9756,1.0898,44.21,1087
1,3,5,2,4,1,0.4729,0.8441,1.2194,1.0317,48.77,1123
1,3,5,4,3,1,0.4845,0.9155,1.0777,0.9966,49.09,1142
1,3,5,4,4,5,0.4789,0.9654,1.0124,0.9889,46.88,1148
1,3,5,4,10,5,0.4769,0.8217,1.2145,1.0181,51.21,1148
1,3,5,4,15,10,0.4430,1.0020,1.1334,1.0677,48.18,1075
1,3,5,5,4,10,0.4595,0.9947,1.0520,1.0234,47.90,1125
1,3,5,5,7,4,0.4949,1.1067,0.8145,0.9606,51.71,1168
1,3,6,1,7,2,0.4791,0.9009,1.0927,0.9968,51.31,1131
1,3,6,1,15,2,0.4281,0.9010,1.2165,1.0588,47.15,1081
1,3,6,2,3,3,0.4692,0.9216,1.0668,0.9942,49.06,1134
1,3,6,2,7,5,0.4872,1.0238,0.9818,1.0028,50.36,1145
1,3,6,3,3,4,0.4765,0.8785,1.1219,1.0002,50.42,1147
1,3,6,3,7,10,0.4527,0.9636,1.1344,1.0490,46.75,1127
1,3,6,3,10,10,0.4633,1.0393,1.0158,1.0276,49.15,1120
1,3,6,4,3,3,0.4977,0.8627,1.0694,0.9661,50.49,1159
1,3,6,4,3,4,0.4882,1.0050,1.0040,1.0045,51.53,1158
1,3,6,4,4,4,0.4944,1.1445,0.7884,0.9665,51.41,1165
1,3,6,4,6,1,0.5059,0.8005,1.1482,0.9744,49.73,1171
1,3,6,6,6,1,0.5159,1.0701,0.8646,0.9674,49.77,1187
1,3,6,6,15,1,0.4657,0.9756,1.0259,1.0007,50.53,1129
1,3,10,1,10,3,0.4945,0.8563,1.0872,0.9717,50.94,1150
1,3,10,2,5,1,0.5052,0.8878,1.0341,0.9610,52.50,1168
1,3,10,4,4,10,0.5069,0.8829,1.0990,0.9910,52.41,1156
1,3,10,4,6,10,0.4908,1.1852,0.8302,1.0077,51.18,1164
1,3,10,5,3,2,0.5168,1.0048,0.9527,0.9788,53.51,1197
1,3,10,5,3,3,0.5235,0.7784,1.1152,0.9468,50.06,1198
1,3,10,5,10,2,0.5306,0.9815,0.9173,0.9494,53.07,1205
1,3,10,6,6,4,0.5485,0.7207,1.0696,0.8952,52.78,1222
1,3,10,6,10,4,0.5362,0.9463,0.9506,0.9484,54.45,1212
1,3,10,8,10,3,0.5386,1.0528,0.7498,0.9013,53.81,1220
1,3,15,1,4,10,0.4365,1.2505,0.8691,1.0598,46.19,1081
1,3,15,1,15,1,0.4281,1.2230,0.8762,1.0496,44.06,1067
1,3,15,2,3,1,0.4615,1.1367,0.8638,1.0003,50.16,1118
1,3,15,2,7,5,0.4774,0.9076,1.1329,1.0202,49.76,1131
1,3,15,2,10,10,0.4366,0.9965,1.0663,1.0314,44.02,1095
1,3,15,3,6,3,0.4920,1.0688,0.9284,0.9986,51.45,1147
1,3,15,4,7,1,0.5102,0.7595,1.1219,0.9407,50.50,1156
1,3,15,4,7,4,0.4815,0.8656,1.1198,0.9927,49.48,1158
1,3,15,4,15,10,0.4327,1.1983,0.9588,1.0786,44.44,1075
1,3,15,5,15,2,0.4560,0.8937,1.1657,1.0297,49.09,1111
1,3,15,6,3,1,0.4804,0.9534,1.0079,0.9806,48.16,1157
1,3,15,6,15,10,0.4372,0.9486,1.1696,1.0591,47.44,1087
1,3,15,8,4,4,0.5120,0.9420,0.9441,0.9430,53.17,1171
1,3,15,8,6,4,0.5113,0.8416,1.0441,0.9429,51.16,1179
1,3,15,8,6,5,0.5051,0.9946,0.9784,0.9865,50.82,1177
1,3,20,1,15,3,0.3610,1.2660,1.0446,1.1553,42.67,986
1,3,20,3,7,3,0.4014,1.1613,1.0440,1.1026,44.04,1044
1,3,20,3,7,10,0.3947,1.0314,1.1544,1.0929,43.97,1020
1,3,20,3,15,2,0.3679,0.9688,1.3453,1.1570,40.03,1004
1,3,20,4,4,1,0.4028,1.1734,0.9964,1.0849,42.06,1045
1,3,20,5,5,2,0.4211,0.9110,1.1971,1.0540,46.29,1056
1,3,20,5,7,1,0.4272,1.0907,1.0111,1.0509,45.15,1057
1,3,20,6,10,1,0.4226,1.2401,0.9032,1.0716,47.07,1056
1,5,3,1,5,10,0.4198,1.1574,0.9592,1.0583,43.19,1074
1,5,3,1,7,1,0.4672,0.9248,1.1494,1.0371,47.29,1104
1,5,3,1,10,10,0.4326,1.2383,0.9245,1.0814,44.73,1071
1,5,3,1,15,2,0.4249,0.9899,1.1786,1.0843,46.72,1059
1,5,3,2,4,5,0.4698,0.9899,1.0219,1.0059,48.49,1112
1,5,3,2,4,10,0.4332,1.0673,1.0596,1.0635,46.13,1084
1,5,3,2,5,1,0.4582,1.0599,0.9508,1.0053,49.62,1116
1,5,3,2,15,3,0.4190,1.0628,1.1126,1.0877,45.15,1072
1,5,4,1,4,3,0.4483,1.2312,0.8879,1.0595,48.60,1118
1,5,4,2,3,5,0.4775,0.8693,1.0898,0.9796,48.12,1125
1,5,4,2,6,1,0.4689,1.0844,0.9021,0.9932,45.97,1138
1,5,4,2,6,5,0.4836,0.8655,1.0922,0.9789,49.00,1138
1,5,4,2,15,1,0.4320,1.1465,0.9962,1.0714,48.28,1087
1,5,4,2,15,10,0.4177,0.9904,1.1316,1.0610,47.03,1061
1,5,4,3,6,5,0.4899,0.8439,1.1766,1.0103,47.70,1152
1,5,4,3,15,1,0.4483,0.9316,1.1271,1.0293,46.20,1099
1,5,4,4,5,5,0.4962,0.8912,1.0282,0.9597,48.97,1161
1,5,4,4,6,5,0.4864,0.9373,1.0468,0.9921,49.46,1164
1,5,4,4,7,3,0.5024,0.9405,0.9919,0.9662,52.24,1168
1,5,5,1,7,1,0.4781,0.9374,1.0921,1.0148,47.09,1140
1,5,5,1,15,5,0.4502,1.1999,0.8490,1.0244,44.92,1088
1,5,5,1,15,10,0.4144,0.9232,1.2001,1.0616,46.36,1062
1,5,5,3,5,3,0.5074,0.9253,0.9999,0.9626,51.51,1171
1,5,5,3,5,10,0.4746,1.0400,0.9642,1.0021,48.26,1135
1,5,5,3,6,10,0.4842,0.9960,1.0434,1.0197,48.55,1137
1,5,5,4,3,2,0.5046,0.8479,1.0900,0.9689,49.41,1171
1,5,5,4,6,5,0.5084,0.8312,1.1367,0.9839,48.28,1183
1,5,5,5,5,4,0.5185,1.1066,0.8217,0.9642,52.87,1193
1,5,5,5,10,5,0.5096,1.1310,0.8439,0.9874,48.70,1185
1,5,5,5,15,1,0.4732,1.0527,0.9740,1.0133,49.12,1133
1,5,6,1,3,4,0.4804,1.1928,0.8055,0.9992,49.73,1143
1,5,6,1,15,1,0.4522,0.8701,1.1962,1.0331,45.83,1101
1,5,6,2,15,1,0.4723,0.9967,0.9762,0.9864,49.12,1115
1,5,6,3,3,1,0.4955,0.8081,1.1430,0.9756,51.80,1172
1,5,6,5,6,1,0.5169,0.9769,0.8954,0.9361,49.71,1211
1,5,6,6,3,1,0.5136,1.0838,0.8804,0.9821,51.53,1202
1,5,6,6,15,1,0.4931,0.9200,1.0937,1.0068,48.84,1154
1,5,10,1,4,5,0.4921,0.7955,1.1338,0.9646,49.54,1174
1,5,10,1,6,2,0.5012,0.9376,0.9625,0.9500,49.05,1184
1,5,10,1,15,1,0.4607,1.0947,0.9590,1.0269,48.65,1124
1,5,10,1,15,2,0.4633,0.9967,1.0078,1.0022,46.29,1126
1,5,10,2,10,10,0.4889,0.8399,1.1218,0.9808,50.66,1157
1,5,10,3,3,3,0.5215,0.9742,0.9261,0.9502,51.80,1205
1,5,10,3,4,1,0.5395,0.7475,1.1062,0.9268,51.79,1209
1,5,10,4,4,2,0.5472,0.8483,0.9431,0.8957,51.74,1226
1,5,10,4,4,3,0.5370,0.9736,0.8912,0.9324,50.80,1227
1,5,10,4,15,4,0.4986,0.8132,1.1655,0.9894,51.73,1168
1,5,10,5,6,4,0.5654,0.8303,0.9987,0.9145,53.79,1248
1,5,10,5,15,5,0.5066,0.8991,1.0768,0.9879,49.01,1175
1,5,10,6,10,10,0.5220,0.9823,0.9400,0.9612,49.16,1202
1,5,15,1,6,3,0.4934,1.0594,0.8732,0.9663,50.50,1142
1,5,15,2,4,1,0.4904,1.1507,0.8704,1.0106,50.00,1149
1,5,15,3,3,2,0.5030,0.8324,1.1158,0.9741,49.51,1158
1,5,15,3,6,5,0.4920,0.8467,1.1383,0.9925,49.79,1171
1,5,15,3,7,5,0.5006,0.9531,1.0017,0.9774,50.08,1171
1,5,15,6,4,2,0.5140,0.7764,1.1107,0.9435,51.81,1195
1,5,15,8,4,1,0.5293,0.9140,0.9221,0.9180,52.07,1198
1,5,15,8,4,10,0.4905,0.8776,1.0752,0.9764,51.81,1162
1,5,20,1,10,5,0.4013,0.9815,1.2540,1.1177,43.37,1033
1,5,20,3,3,3,0.4247,1.1090,1.0487,1.0788,45.65,1053
1,5,20,3,4,4,0.4046,0.9861,1.1666,1.0764,45.95,1057
1,5,20,3,10,3,0.4151,1.2043,0.9651,1.0847,44.07,1058
1,5,20,4,5,10,0.3970,0.9682,1.2225,1.0953,44.12,1043
1,5,20,4,6,2,0.4197,1.2211,0.9578,1.0894,45.93,1071
1,5,20,4,7,1,0.4236,0.9594,1.1726,1.0660,43.61,1070
1,5,20,4,15,2,0.3940,1.2379,0.9841,1.1110,45.45,1029
1,5,20,5,3,3,0.4122,1.2547,0.8611,1.0579,43.13,1068
1,5,20,5,6,2,0.4291,1.1034,1.0579,1.0806,43.65,1078
1,5,20,6,7,4,0.4223,1.0946,1.0432,1.0689,47.72,1084
1,5,20,8,3,2,0.4240,0.9092,1.2740,1.0916,44.36,1077
1,5,20,8,4,1,0.4342,1.0869,1.0713,1.0791,46.90,1080
1,5,20,8,7,10,0.4049,0.8859,1.2554,1.0707,46.64,1061
1,5,20,8,10,2,0.4297,1.0500,1.1048,1.0774,47.21,1082
1,10,3,1,3,5,0.4621,0.9205,1.0913,1.0059,50.25,1116
1,10,3,1,6,4,0.4682,1.0653,0.9808,1.0231,49.01,1130
1,10,3,1,7,10,0.4456,1.1743,0.9438,1.0591,46.60,1100
1,10,3,2,5,10,0.4491,1.0991,0.9647,1.0319,49.45,1111
1,10,3,2,6,4,0.4720,1.1683,0.8503,1.0093,46.84,1146
1,10,3,2,15,3,0.4341,0.8861,1.2320,1.0591,43.75,1095
1,10,3,3,10,5,0.4899,1.0807,0.8526,0.9666,48.70,1151
1,10,4,1,5,3,0.4811,1.1025,0.9085,1.0055,49.21,1149
1,10,4,1,10,2,0.4700,1.1173,0.9531,1.0352,46.21,1143
1,10,4,2,10,5,0.5000,0.9414,1.0566,0.9990,49.72,1158
1,10,4,3,7,2,0.5136,0.8274,1.0532,0.9403,49.18,1184
1,10,4,4,3,3,0.5084,0.9836,0.9837,0.9836,49.97,1181
1,10,4,4,3,4,0.4968,1.1122,0.8515,0.9818,49.65,1181
1,10,4,4,5,1,0.5179,1.1656,0.7701,0.9678,49.57,1191
1,10,4,4,10,5,0.5270,0.9176,1.0028,0.9602,53.91,1185
1,10,5,1,3,2,0.5017,0.9875,0.9787,0.9831,48.31,1155
1,10,5,1,3,4,0.5025,1.1198,0.8273,0.9736,49.91,1155
1,10,5,1,4,3,0.5109,0.8722,1.0456,0.9589,50.79,1162
1,10,5,2,3,1,0.5061,0.9589,0.9444,0.9516,51.22,1170
1,10,5,2,3,10,0.4869,1.0808,0.9051,0.9930,48.86,1137
1,10,5,2,4,4,0.5150,1.0502,0.8710,0.9606,48.95,1179
1,10,5,2,6,10,0.4929,1.0546,0.9130,0.9838,51.32,1150
1,10,5,3,3,5,0.5173,0.7599,1.1510,0.9555,49.82,1186
1,10,5,3,4,3,0.5155,1.0779,0.8783,0.9781,51.66,1196
1,10,5,3,4,10,0.4953,0.9531,1.0319,0.9925,49.64,1157
1,10,5,3,5,1,0.5223,0.9043,0.9710,0.9377,51.47,1198
1,10,5,4,3,2,0.5273,0.9037,0.9570,0.9304,50.89,1201
1,10,5,4,5,2,0.5368,0.8226,1.0298,0.9262,54.74,1215
1,10,5,4,5,5,0.5380,0.9253,0.9345,0.9299,54.16,1212
1,10,5,4,7,2,0.5457,0.9310,0.9348,0.9329,52.53,1219
1,10,5,4,10,4,0.5334,0.8987,0.9359,0.9173,51.62,1209
1,10,5,5,5,4,0.5452,0.8463,0.9830,0.9146,52.38,1226
1,10,5,5,6,5,0.5476,0.9769,0.8039,0.8904,53.27,1227
1,10,6,1,10,1,0.5030,0.9525,1.0387,0.9956,49.87,1175
1,10,6,2,6,10,0.5021,1.0965,0.8257,0.9611,49.86,1165
1,10,6,2,7,10,0.4899,1.0855,0.9202,1.0028,48.21,1166
1,10,6,2,10,2,0.5147,1.0997,0.8509,0.9753,49.10,1196
1,10,6,3,4,1,0.5333,0.7583,1.0605,0.9094,50.01,1210
1,10,6,3,4,3,0.5442,0.9873,0.8207,0.9040,51.10,1214
1,10,6,3,6,1,0.5436,0.8761,0.9954,0.9357,52.19,1220
1,10,6,3,15,1,0.4923,0.8293,1.1566,0.9930,48.96,1155
1,10,6,4,4,2,0.5501,1.0324,0.7697,0.9010,53.02,1228
1,10,6,4,10,10,0.5102,0.9532,1.0102,0.9817,50.56,1185
1,10,6,5,4,4,0.5631,0.7775,0.9631,0.8703,55.00,1240
1,10,6,5,7,10,0.5261,0.9691,0.9516,0.9604,49.47,1205
1,10,6,6,4,1,0.5629,0.9928,0.8151,0.9040,56.12,1246
1,10,10,1,4,2,0.5245,0.8534,1.0473,0.9503,51.33,1208
1,10,10,1,4,3,0.5479,0.9475,0.8872,0.9174,51.09,1209
1,10,10,1,6,10,0.5081,1.1394,0.7892,0.9643,49.72,1176
1,10,10,1,15,10,0.4608,1.1662,0.9234,1.0448,45.71,1119
1,10,10,2,4,4,0.5503,1.0489,0.7637,0.9063,55.13,1229
1,10,10,3,6,5,0.5753,0.7164,0.9892,0.8528,56.76,1255
1,10,10,4,3,5,0.5712,0.9358,0.8727,0.9043,55.68,1252
1,10,10,4,5,1,0.5762,0.9318,0.8578,0.8948,57.26,1268
1,10,10,4,5,10,0.5542,1.0326,0.7985,0.9156,52.16,1222
1,10,10,4,6,1,0.5669,0.8724,0.9256,0.8990,54.42,1273
1,10,10,5,5,1,0.5921,0.6877,0.9718,0.8298,55.34,1282
1,10,10,5,10,1,0.5737,0.8966,0.8448,0.8707,54.77,1275
1,10,10,6,3,3,0.5821,0.9285,0.7919,0.8602,53.25,1280
1,10,10,6,15,5,0.5361,1.0618,0.7865,0.9241,52.39,1214
1,10,15,1,5,3,0.5066,1.0272,0.8694,0.9483,51.88,1167
1,10,15,2,3,10,0.4938,0.8713,1.1149,0.9931,47.63,1137
1,10,15,2,5,5,0.5316,0.9067,0.9768,0.9417,52.69,1182
1,10,15,2,6,5,0.5169,0.7437,1.1375,0.9406,51.32,1185
1,10,15,3,3,3,0.5311,0.8462,0.9764,0.9113,51.94,1189
1,10,15,4,5,2,0.5372,1.0448,0.8350,0.9399,51.89,1215
1,10,15,4,5,5,0.5282,0.9430,0.9469,0.9449,52.09,1212
1,10,15,4,15,10,0.4634,0.8536,1.1748,1.0142,47.34,1120
1,10,15,5,3,2,0.5417,0.8243,1.0246,0.9244,50.92,1212
1,10,15,5,5,10,0.5071,0.8804,1.0682,0.9743,51.99,1184
1,10,15,5,10,5,0.5435,0.9027,0.8870,0.8949,52.81,1217
1,10,15,5,10,10,0.4940,1.0489,0.8832,0.9661,49.76,1179
1,10,15,6,4,1,0.5397,0.9688,0.8757,0.9223,50.79,1226
1,10,15,6,5,3,0.5516,0.7906,0.9942,0.8924,53.64,1236
1,10,15,6,7,5,0.5398,0.9034,0.9883,0.9458,53.57,1237
1,10,15,6,10,4,0.5476,0.8751,0.9501,0.9126,51.62,1229
1,10,15,8,4,5,0.5379,0.7534,1.1219,0.9377,50.41,1232
1,10,15,8,5,5,0.5572,1.0462,0.7190,0.8826,54.88,1239
1,10,15,8,15,3,0.5057,0.8214,1.1591,0.9903,52.19,1176
1,10,15,8,15,10,0.4894,1.0805,0.9461,1.0133,49.03,1139
1,10,20,1,5,4,0.4285,1.2017,0.8994,1.0506,46.25,1058
1,10,20,1,6,5,0.4109,1.2339,0.9039,1.0689,44.52,1058
1,10,20,1,7,4,0.4148,0.9124,1.2379,1.0752,42.73,1061
1,10,20,3,4,1,0.4250,1.0976,1.0056,1.0516,45.87,1076
1,10,20,3,10,4,0.4447,1.0789,0.9712,1.0251,47.95,1078
1,10,20,4,15,4,0.4180,1.0672,1.0679,1.0675,44.09,1049
1,10,20,5,15,10,0.3929,1.1925,0.9874,1.0899,42.60,1030
1,10,20,6,3,2,0.4596,1.1240,0.8935,1.0088,45.51,1095
1,10,20,6,6,5,0.4447,1.2446,0.8828,1.0637,46.09,1104
1,10,20,8,4,1,0.4384,1.0617,1.0458,1.0537,44.90,1103
1,10,20,8,10,1,0.4482,0.9950,1.0513,1.0231,46.85,1103
1,20,3,2,4,5,0.4099,0.9850,1.2215,1.1032,44.04,1046
1,20,3,2,6,4,0.4287,1.0869,1.0624,1.0746,47.77,1053
1,20,3,3,3,2,0.4073,1.2281,0.9192,1.0736,42.10,1053
1,20,3,3,3,5,0.4037,0.8795,1.2565,1.0680,44.04,1052
1,20,3,3,10,1,0.4002,0.9788,1.2451,1.1119,45.66,1057
1,20,4,1,3,4,0.4106,1.1285,1.0443,1.0864,45.97,1047
1,20,4,1,4,4,0.4221,1.2686,0.8808,1.0747,47.77,1051
1,20,4,1,5,5,0.4121,1.0070,1.1972,1.1021,47.31,1053
1,20,4,1,6,5,0.4141,0.9064,1.2775,1.0920,46.04,1055
1,20,4,2,10,5,0.4187,1.2777,0.8831,1.0804,44.95,1062
1,20,4,2,10,10,0.3912,1.2127,0.9537,1.0832,42.93,1038
1,20,4,3,5,10,0.4029,1.0702,1.0716,1.0709,46.01,1051
1,20,4,3,6,1,0.4337,0.8970,1.1827,1.0398,45.23,1079
1,20,4,3,15,1,0.4039,1.1777,0.9617,1.0697,46.16,1036
1,20,4,4,3,1,0.4410,0.9041,1.2322,1.0681,48.10,1077
1,20,4,4,10,5,0.4302,1.2574,0.8580,1.0577,48.28,1082
1,20,5,1,10,5,0.4266,1.1682,0.9392,1.0537,46.88,1063
1,20,5,4,10,3,0.4516,0.9365,1.1102,1.0233,47.42,1099
1,20,5,4,15,5,0.4172,1.2879,0.9064,1.0971,43.74,1057
1,20,5,5,4,3,0.4526,1.0892,1.0295,1.0594,44.92,1107
1,20,6,1,3,1,0.4184,1.0054,1.1583,1.0818,43.29,1070
1,20,6,1,4,3,0.4381,1.2169,0.8377,1.0273,47.51,1077
1,20,6,1,7,1,0.4314,0.9453,1.1254,1.0353,46.68,1081
1,20,6,2,3,3,0.4391,0.9894,1.0902,1.0398,45.23,1085
1,20,6,2,4,1,0.4342,0.8478,1.2346,1.0412,45.53,1088
1,20,6,2,10,10,0.4330,1.0029,1.1230,1.0629,44.55,1062
1,20,6,3,3,5,0.4435,1.0006,1.0599,1.0303,48.79,1094
1,20,6,3,15,1,0.4196,1.0805,1.0586,1.0696,45.19,1060
1,20,6,3,15,2,0.4274,0.9003,1.2713,1.0858,47.27,1061
1,20,6,4,3,1,0.4479,0.8504,1.2436,1.0470,47.68,1104
1,20,6,4,4,1,0.4549,1.2347,0.8458,1.0403,48.66,1110
1,20,6,4,5,2,0.4679,0.9874,0.9995,0.9935,45.77,1116
1,20,6,4,15,3,0.4219,1.1414,0.9525,1.0470,46.95,1071
1,20,6,5,6,3,0.4628,0.8669,1.1574,1.0121,49.24,1127
1,20,6,6,4,2,0.4687,0.8197,1.1615,0.9906,49.82,1125
1,20,10,2,4,4,0.4522,1.0193,1.0610,1.0402,49.15,1112
1,20,10,3,5,5,0.4732,1.2035,0.8382,1.0209,50.52,1127
1,20,10,3,6,5,0.4816,0.9684,1.0020,0.9852,46.99,1130
1,20,10,3,7,4,0.4863,0.9620,0.9837,0.9729,47.88,1132
1,20,10,4,3,1,0.4856,0.8360,1.1794,1.0077,51.45,1127
1,20,10,4,3,10,0.4436,0.8757,1.1869,1.0313,46.06,1098
1,20,10,5,4,2,0.4812,1.1376,0.8923,1.0150,47.92,1144
1,20,10,5,10,1,0.4923,0.9356,1.0255,0.9806,51.73,1142
1,20,10,6,6,10,0.4753,0.8229,1.1762,0.9996,50.87,1124
1,20,10,6,10,10,0.4489,1.2340,0.8521,1.0431,46.00,1117
1,20,10,8,6,10,0.4712,1.1145,0.8751,0.9948,49.44,1129
1,20,10,8,10,3,0.4815,1.0771,0.9365,1.0068,49.20,1156
1,20,15,2,3,3,0.4251,1.2203,0.9549,1.0876,47.43,1073
1,20,15,2,5,10,0.4179,0.9650,1.1716,1.0683,43.18,1054
1,20,15,2,15,3,0.3960,1.0614,1.1259,1.0937,44.42,1041
1,20,15,3,15,3,0.4106,1.1755,0.9434,1.0595,46.41,1051
1,20,15,3,15,10,0.3944,1.0555,1.1509,1.1032,42.25,1026
1,20,15,4,3,1,0.4495,1.1639,0.9058,1.0348,47.10,1092
1,20,15,4,3,2,0.4511,1.0713,1.0057,1.0385,47.49,1093
1,20,15,6,6,5,0.4532,1.0069,1.0577,1.0323,47.73,1117
1,20,15,6,10,2,0.4607,0.9204,1.1216,1.0210,48.59,1112
1,20,15,6,15,1,0.4232,0.9693,1.2083,1.0888,44.43,1069
1,20,15,8,3,3,0.4426,1.0152,1.1004,1.0578,46.08,1111
1,20,20,2,6,4,0.3722,1.2807,0.9462,1.1135,40.16,997
1,20,20,3,7,2,0.3948,1.2462,0.9442,1.0952,45.94,1006
1,20,20,3,7,4,0.3745,1.0011,1.2172,1.1091,44.15,1006
1,20,20,4,7,3,0.3822,1.0177,1.2019,1.1098,44.87,1014
1,20,20,4,15,1,0.3491,1.0150,1.2624,1.1387,42.70,976
1,20,20,8,7,4,0.4017,1.2436,0.9382,1.0909,44.65,1027
1,20,20,8,10,1,0.3910,0.9748,1.2228,1.0988,42.95,1020
2,2,3,1,4,1,0.4478,1.0198,1.0966,1.0582,47.87,1078
2,2,3,1,6,2,0.4471,1.2501,0.8754,1.0627,48.93,1086
2,2,3,1,15,4,0.4195,0.9769,1.1524,1.0646,44.03,1042
2,2,3,2,4,5,0.4575,1.1104,0.9105,1.0104,48.76,1092
2,2,3,2,7,1,0.4665,1.0138,1.0293,1.0216,48.80,1099
2,2,3,2,7,2,0.4563,0.9443,1.1425,1.0434,45.85,1101
2,2,3,2,10,10,0.4470,0.8685,1.1784,1.0234,48.27,1066
2,2,3,2,15,3,0.4367,1.1305,1.0186,1.0746,47.49,1055
2,2,3,3,15,5,0.4234,0.9173,1.2646,1.0909,44.84,1063
2,2,4,1,4,5,0.4824,0.9135,1.1320,1.0227,46.64,1096
2,2,4,1,6,2,0.4816,1.0760,0.9364,1.0062,48.26,1104
2,2,4,1,6,10,0.4517,0.8890,1.2121,1.0505,48.66,1075
2,2,4,1,10,2,0.4661,0.8878,1.1477,1.0177,47.65,1098
2,2,4,3,4,2,0.4985,1.0588,0.9369,0.9978,51.21,1125
2,2,4,4,3,1,0.4912,0.8936,1.0350,0.9643,49.28,1127
2,2,4,4,4,4,0.5006,0.8229,1.1178,0.9703,50.29,1136
2,2,4,4,6,2,0.5025,0.9541,0.9434,0.9488,52.31,1143
2,2,4,4,15,3,0.4603,0.9172,1.1654,1.0413,48.79,1092
2,2,5,1,3,3,0.4731,1.0169,1.0103,1.0136,49.16,1108
2,2,5,1,10,5,0.4932,0.8542,1.1472,1.0007,51.84,1111
2,2,5,1,15,4,0.4312,1.0257,1.1021,1.0639,43.78,1072
2,2,5,2,4,5,0.4923,0.9895,1.0277,1.0086,49.60,1126
2,2,5,2,4,10,0.4723,1.1722,0.8387,1.0055,47.93,1097
2,2,5,2,7,4,0.4939,1.0635,0.8935,0.9785,51.72,1136
2,2,5,3,5,1,0.4994,0.7934,1.1348,0.9641,51.42,1144
2,2,5,3,7,5,0.5141,0.9062,1.0287,0.9675,51.61,1148
2,2,5,4,5,1,0.5252,0.8289,1.0796,0.9543,52.38,1156
2,2,5,4,10,1,0.5110,1.1461,0.7730,0.9596,48.78,1151
2,2,6,1,3,10,0.4603,1.0533,1.0396,1.0464,49.43,1091
2,2,6,1,4,2,0.5065,0.7468,1.1413,0.9440,51.64,1127
2,2,6,1,7,1,0.4992,1.0836,0.8528,0.9682,50.53,1132
2,2,6,3,3,1,0.4938,0.8885,1.0388,0.9637,48.73,1148
2,2,6,3,5,2,0.5135,1.0321,0.8742,0.9532,50.79,1161
2,2,6,3,10,2,0.5105,1.0288,0.9233,0.9760,51.05,1157
2,2,6,4,10,1,0.5180,1.0601,0.8075,0.9338,49.81,1166
2,2,6,4,10,2,0.5338,0.7660,1.0860,0.9260,53.19,1169
2,2,6,4,10,4,0.5309,0.7610,1.1455,0.9533,53.15,1169
2,2,6,4,15,10,0.4583,1.0014,1.0120,1.0067,47.11,1089
2,2,6,5,10,1,0.5337,0.8202,1.0561,0.9381,53.36,1176
2,2,6,5,10,10,0.5082,0.7656,1.1392,0.9524,50.64,1142
2,2,6,5,15,3,0.4753,1.0407,0.9923,1.0165,48.76,1128
2,2,6,6,4,5,0.5431,0.7742,1.0431,0.9087,53.71,1183
2,2,6,6,5,5,0.5256,1.1121,0.7695,0.9408,53.96,1188
2,2,6,6,10,5,0.5331,0.7482,1.1127,0.9304,53.20,1183
2,2,6,6,15,2,0.4896,0.9415,1.0740,1.0078,49.99,1134
2,2,10,1,4,1,0.5138,1.0102,0.8967,0.9534,51.76,1150
2,2,10,1,4,5,0.5119,0.8522,1.0841,0.9681,51.96,1150
2,2,10,1,10,1,0.5010,1.0630,0.9203,0.9917,47.97,1150
2,2,10,1,10,3,0.5208,1.0226,0.8947,0.9587,50.99,1153
2,2,10,2,4,1,0.5241,0.8344,1.0448,0.9396,51.52,1167
2,2,10,2,7,10,0.5123,0.8278,1.0899,0.9588,50.83,1142
2,2,10,2,10,1,0.5154,1.0947,0.7766,0.9356,49.47,1167
2,2,10,3,7,2,0.5401,1.0451,0.7861,0.9156,55.26,1194
2,2,10,4,5,3,0.5552,0.8000,1.0463,0.9232,52.74,1204
2,2,10,4,7,10,0.5146,0.9508,0.9528,0.9518,51.71,1168
2,2,10,4,15,5,0.5084,0.9020,1.0614,0.9817,51.91,1142
2,2,10,5,10,2,0.5697,1.0571,0.7224,0.8898,56.59,1209
2,2,10,5,15,1,0.5255,0.8487,1.0740,0.9613,49.84,1151
2,2,10,5,15,10,0.4709,0.8420,1.1810,1.0115,50.52,1120
2,2,10,6,3,4,0.5613,0.8075,1.0280,0.9178,54.25,1209
2,2,10,8,4,4,0.5657,0.8749,0.9268,0.9009,55.81,1223
2,2,10,8,5,3,0.5727,1.0249,0.7162,0.8706,52.90,1230
2,2,10,8,6,1,0.5627,1.1074,0.7096,0.9085,53.98,1230
2,2,10,8,7,2,0.5631,0.6875,1.0559,0.8717,52.49,1234
2,2,10,8,7,10,0.5301,0.8230,1.0015,0.9122,50.96,1191
2,2,10,8,15,10,0.5016,1.1246,0.8018,0.9632,49.65,1130
2,2,15,1,6,10,0.4657,0.8537,1.1432,0.9985,45.93,1090
2,2,15,1,7,10,0.4580,1.1375,0.9443,1.0409,47.34,1090
2,2,15,1,10,2,0.4735,0.8494,1.1392,0.9943,50.66,1113
2,2,15,3,7,10,0.4816,0.8059,1.1675,0.9867,48.85,1117
2,2,15,4,4,2,0.4998,0.9145,1.0103,0.9624,51.89,1153
2,2,15,4,5,5,0.5011,1.1410,0.7592,0.9501,49.65,1156
2,2,15,5,4,10,0.4770,0.9062,1.1213,1.0138,46.36,1128
2,2,15,5,10,2,0.5189,0.9339,0.9944,0.9642,50.78,1162
2,2,15,5,15,2,0.4734,0.9330,1.0503,0.9917,49.42,1114
2,2,15,6,3,2,0.5153,1.0134,0.9352,0.9743,53.21,1162
2,2,15,6,4,2,0.5260,0.9078,0.9856,0.9467,54.34,1169
2,2,15,6,6,3,0.5338,1.0793,0.7783,0.9288,49.98,1178
2,2,15,8,5,2,0.5422,1.0219,0.8279,0.9249,54.90,1180
2,2,15,8,7,3,0.5395,0.8466,0.9858,0.9162,50.55,1185
2,2,20,1,3,3,0.4095,0.9330,1.2052,1.0691,45.89,1015
2,2,20,1,4,4,0.4014,0.9524,1.2404,1.0964,41.77,1019
2,2,20,1,10,1,0.4194,1.0012,1.1544,1.0778,45.85,1018
2,2,20,2,3,4,0.4229,0.8619,1.2436,1.0528,47.12,1026
2,2,20,2,5,5,0.4294,0.9745,1.1592,1.0669,48.22,1032
2,2,20,2,6,2,0.4066,0.9258,1.2598,1.0928,44.60,1036
2,2,20,3,7,1,0.4392,0.9153,1.1955,1.0554,45.71,1045
2,2,20,5,5,2,0.4226,1.1669,0.9570,1.0619,46.47,1058
2,2,20,5,5,4,0.4392,0.9370,1.1308,1.0339,46.21,1058
2,2,20,5,10,1,0.4391,1.0654,1.0017,1.0336,45.98,1053
2,2,20,5,15,4,0.4061,1.2785,0.9248,1.1016,43.82,1020
2,2,20,6,15,10,0.3761,1.2283,0.9694,1.0989,43.25,1001
2,2,20,8,3,2,0.4361,1.0657,1.0601,1.0629,44.07,1059
2,2,20,8,4,3,0.4292,1.2468,0.8802,1.0635,45.91,1064
2,2,20,8,4,4,0.4460,1.2163,0.9137,1.0650,49.31,1064
2,3,3,2,15,1,0.4412,1.0003,1.0755,1.0379,47.09,1065
2,3,3,2,15,10,0.4096,1.0630,1.0796,1.0713,45.69,1041
2,3,4,1,4,3,0.4695,1.1167,0.8955,1.0061,50.66,1113
2,3,4,1,5,1,0.4827,0.8381,1.1742,1.0062,50.54,1114
2,3,4,1,6,2,0.4849,1.0683,0.8771,0.9727,49.51,1118
2,3,4,1,10,10,0.4523,1.1900,0.9133,1.0516,49.14,1082
2,3,4,2,6,3,0.4863,1.1382,0.8525,0.9953,48.73,1135
2,3,4,3,5,5,0.5100,1.1549,0.7699,0.9624,51.21,1143
2,3,4,4,3,4,0.4992,1.1366,0.7760,0.9563,49.67,1145
2,3,4,4,5,2,0.5136,0.9648,0.9277,0.9463,52.66,1156
2,3,4,4,6,3,0.5264,0.7954,1.0784,0.9369,50.16,1160
2,3,5,1,3,3,0.4894,1.0083,0.9807,0.9945,48.26,1123
2,3,5,1,3,5,0.4874,0.9122,1.0274,0.9698,47.83,1120
2,3,5,1,5,10,0.4866,0.9038,1.0804,0.9921,51.68,1101
2,3,5,1,10,1,0.4902,0.7976,1.1852,0.9914,50.92,1126
2,3,5,1,15,2,0.4708,1.1902,0.8183,1.0042,48.85,1085
2,3,5,2,15,2,0.4684,0.9521,1.0325,0.9923,50.51,1099
2,3,5,3,5,4,0.5083,1.1701,0.7881,0.9791,51.56,1163
2,3,5,3,10,4,0.5157,0.9516,0.9142,0.9329,51.11,1158
2,3,5,5,15,3,0.4905,0.9390,1.0747,1.0069,47.70,1130
2,3,6,1,6,2,0.5004,0.9487,0.9686,0.9587,50.42,1150
2,3,6,2,3,10,0.4994,0.8582,1.1055,0.9818,52.36,1119
2,3,6,2,5,3,0.5219,1.0211,0.9101,0.9656,50.66,1165
2,3,6,2,5,4,0.5128,1.1260,0.8324,0.9792,53.36,1164
2,3,6,2,5,5,0.5200,1.0866,0.7712,0.9289,49.63,1161
2,3,6,2,6,1,0.5350,0.8755,0.9660,0.9207,53.21,1164
2,3,6,3,5,1,0.5208,0.9779,0.8853,0.9316,50.02,1176
2,3,6,3,5,3,0.5238,0.7815,1.1068,0.9441,50.37,1180
2,3,6,3,5,10,0.5164,0.7570,1.1549,0.9560,50.97,1143
2,3,6,3,6,4,0.5311,0.8816,1.0153,0.9485,49.95,1182
2,3,6,4,4,1,0.5477,1.0711,0.7101,0.8906,50.86,1184
2,3,6,4,6,3,0.5384,0.8785,0.9865,0.9325,54.68,1196
2,3,6,4,6,4,0.5487,0.7255,1.1099,0.9177,54.08,1195
2,3,6,4,7,1,0.5347,1.0954,0.7256,0.9105,51.39,1193
2,3,6,4,15,5,0.4917,1.1715,0.8208,0.9962,49.28,1133
2,3,6,5,7,3,0.5396,0.8115,0.9896,0.9006,52.41,1208
2,3,6,5,7,4,0.5692,0.8193,0.9582,0.8887,53.82,1207
2,3,6,5,7,5,0.5471,0.7471,1.1053,0.9262,54.34,1204
2,3,6,6,3,10,0.5169,0.9353,0.9871,0.9612,49.56,1158
2,3,6,6,7,10,0.5374,0.8513,0.9926,0.9220,53.02,1174
2,3,6,6,10,5,0.5501,0.9613,0.8397,0.9005,55.18,1202
2,3,6,6,15,1,0.5074,0.8390,1.0586,0.9488,51.48,1147
2,3,10,1,6,5,0.5207,0.9807,0.8812,0.9310,51.10,1175
2,3,10,2,7,1,0.5388,0.9372,0.8860,0.9116,51.44,1194
2,3,10,2,15,4,0.4868,1.1597,0.8590,1.0094,49.16,1135
2,3,10,3,5,10,0.5063,0.9093,1.0355,0.9724,49.88,1169
2,3,10,3,10,4,0.5531,0.9794,0.8291,0.9042,55.73,1204
2,3,10,4,6,1,0.5650,0.7911,0.9900,0.8906,52.69,1224
2,3,10,4,7,5,0.5702,0.9647,0.8122,0.8884,52.39,1226
2,3,10,5,10,3,0.5808,0.9463,0.8190,0.8827,57.67,1230
2,3,10,6,15,3,0.5449,0.8101,1.0340,0.9220,51.43,1178
2,3,10,8,7,3,0.5949,0.8278,0.9133,0.8706,56.82,1258
2,3,10,8,15,1,0.5326,1.0139,0.8758,0.9448,53.50,1180
2,3,15,1,3,4,0.4708,1.1062,0.9461,1.0262,47.09,1122
2,3,15,1,5,2,0.5126,1.0798,0.8114,0.9456,51.54,1133
2,3,15,1,15,10,0.4492,0.9167,1.1308,1.0237,48.71,1058
2,3,15,2,15,3,0.4758,1.1983,0.8216,1.0099,48.36,1099
2,3,15,3,3,3,0.4967,1.1787,0.7824,0.9805,48.50,1153
2,3,15,4,4,10,0.5009,0.8937,1.0601,0.9769,48.78,1135
2,3,15,4,10,5,0.5247,1.1471,0.7571,0.9521,51.49,1168
2,3,15,5,6,2,0.5366,0.8809,0.9966,0.9388,52.84,1188
2,3,15,5,7,3,0.5566,0.8683,0.8964,0.8823,56.03,1190
2,3,15,6,3,1,0.5305,1.1244,0.7439,0.9342,52.72,1178
2,3,15,6,6,10,0.5177,0.9609,0.9192,0.9401,51.20,1157
2,3,15,8,3,1,0.5291,0.9835,0.9109,0.9472,51.38,1183
2,3,15,8,5,1,0.5438,0.9484,0.9379,0.9432,51.43,1196
2,3,15,8,10,5,0.5488,1.0474,0.7911,0.9193,55.20,1191
2,3,20,1,3,10,0.3853,1.0035,1.1752,1.0894,41.58,1003
2,3,20,1,6,3,0.4296,1.1664,0.9344,1.0504,43.90,1036
2,3,20,1,6,4,0.4166,1.1784,1.0119,1.0952,43.15,1035
2,3,20,2,3,4,0.4174,0.9063,1.2504,1.0783,44.73,1037
2,3,20,2,6,4,0.4249,0.9280,1.2124,1.0702,47.33,1047
2,3,20,2,10,1,0.4205,1.1845,0.9763,1.0804,45.18,1040
2,3,20,2,15,2,0.3923,1.2838,0.9308,1.1073,43.88,1008
2,3,20,2,15,5,0.3892,1.1543,1.1008,1.1275,44.09,1007
2,3,20,2,15,10,0.3782,0.9951,1.2647,1.1299,43.15,986
2,3,20,3,4,2,0.4238,0.9467,1.1814,1.0641,44.40,1052
2,3,20,4,3,10,0.4144,1.0629,1.0623,1.0626,45.86,1031
2,3,20,4,5,10,0.4056,1.1144,1.0704,1.0924,44.36,1038
2,3,20,5,4,10,0.4352,1.1743,0.9598,1.0670,44.54,1042
2,3,20,5,5,1,0.4342,1.0505,1.0162,1.0334,44.91,1069
2,3,20,5,6,1,0.4388,1.2255,0.8838,1.0547,47.79,1071
2,3,20,6,3,4,0.4367,1.1329,0.9660,1.0495,47.59,1067
2,3,20,6,5,4,0.4456,1.1574,0.9264,1.0419,48.42,1076
2,3,20,8,3,1,0.4366,1.1608,0.9286,1.0447,47.91,1070
2,3,20,8,4,1,0.4348,1.1183,1.0326,1.0754,46.77,1075
2,3,20,8,5,1,0.4579,0.8055,1.2045,1.0050,45.93,1078
2,3,20,8,6,2,0.4444,1.0221,1.1124,1.0672,48.93,1082
2,5,3,1,4,10,0.4610,1.1046,0.9097,1.0072,45.85,1086
2,5,3,1,6,3,0.4933,0.9494,0.9837,0.9665,48.83,1124
2,5,3,2,6,2,0.5130,1.1166,0.8061,0.9613,48.66,1139
2,5,3,2,7,3,0.5057,0.9718,0.9261,0.9489,48.63,1140
2,5,3,2,15,4,0.4626,1.0577,0.9415,0.9996,48.29,1088
2,5,3,3,3,5,0.4993,1.0895,0.8766,0.9830,51.94,1137
2,5,3,3,5,10,0.4758,1.0965,0.8785,0.9875,46.88,1117
2,5,3,3,15,1,0.4752,1.1223,0.8462,0.9842,46.54,1097
2,5,4,1,3,4,0.4914,1.1649,0.8230,0.9939,50.00,1130
2,5,4,1,5,5,0.5046,1.1233,0.8133,0.9683,48.94,1138
2,5,4,1,6,1,0.5101,0.8786,1.0864,0.9825,49.34,1141
2,5,4,1,10,1,0.4851,1.0458,0.8948,0.9703,47.32,1134
2,5,4,1,10,10,0.4816,0.8426,1.1931,1.0178,50.47,1104
2,5,4,1,15,3,0.4779,0.8161,1.1569,0.9865,47.55,1092
2,5,4,2,4,1,0.4984,0.9449,0.9814,0.9631,51.52,1150
2,5,4,2,6,5,0.5240,0.7406,1.1239,0.9322,53.79,1158
2,5,4,2,7,2,0.5093,0.9345,0.9682,0.9513,48.98,1161
2,5,4,3,3,3,0.5229,1.1240,0.7722,0.9481,52.17,1161
2,5,4,3,5,4,0.5269,1.1210,0.7287,0.9249,53.42,1172
2,5,4,3,6,1,0.5178,0.9799,0.9479,0.9639,53.68,1172
2,5,4,3,10,2,0.5078,1.1443,0.8246,0.9845,52.92,1167
2,5,4,3,15,1,0.4907,1.1449,0.8752,1.0101,48.03,1116
2,5,4,4,10,1,0.5390,0.9702,0.8721,0.9211,51.67,1177
2,5,4,4,15,3,0.5076,0.8341,1.1121,0.9731,50.88,1129
2,5,4,4,15,10,0.4621,0.9624,1.1237,1.0431,45.49,1097
2,5,5,1,4,10,0.4862,0.9157,1.0504,0.9831,49.00,1120
2,5,5,1,7,5,0.5204,0.8839,1.0481,0.9660,53.80,1160
2,5,5,1,10,5,0.5113,1.0904,0.7857,0.9381,52.09,1152
2,5,5,2,3,5,0.5249,0.8181,1.1098,0.9640,52.30,1162
2,5,5,2,7,4,0.5222,0.7923,1.0646,0.9285,52.30,1180
2,5,5,4,4,2,0.5497,0.7018,1.0959,0.8989,54.58,1200
2,5,5,4,4,5,0.5483,1.0856,0.7799,0.9327,52.33,1197
2,5,5,4,15,10,0.4707,1.1561,0.8785,1.0173,49.37,1113
2,5,5,5,4,1,0.5476,0.7705,1.0636,0.9171,53.51,1208
2,5,5,5,4,3,0.5494,0.8388,0.9644,0.9016,50.89,1212
2,5,5,5,4,10,0.5335,0.8636,1.0087,0.9362,53.39,1171
2,5,5,5,7,10,0.5335,0.8003,1.0525,0.9264,54.68,1179
2,5,6,1,5,2,0.5433,0.8459,0.9818,0.9138,50.99,1174
2,5,6,1,10,2,0.5122,1.1096,0.8579,0.9838,52.03,1169
2,5,6,2,6,1,0.5430,1.0868,0.7781,0.9325,53.86,1193
2,5,6,2,10,3,0.5493,1.0776,0.7020,0.8898,52.55,1188
2,5,6,4,3,10,0.5201,0.9047,1.0362,0.9704,50.61,1170
2,5,6,5,5,3,0.5800,0.9940,0.7731,0.8836,57.10,1237
2,5,6,5,7,5,0.5896,0.8782,0.8345,0.8564,54.94,1238
2,5,6,5,15,5,0.5074,0.8130,1.1319,0.9725,48.68,1168
2,5,6,6,3,10,0.5433,0.9506,0.9198,0.9352,53.36,1187
2,5,6,6,15,3,0.5353,1.0127,0.8117,0.9122,53.88,1178
2,5,10,1,10,2,0.5580,1.0083,0.7790,0.8937,52.88,1199
2,5,10,1,15,5,0.5003,0.8395,1.1403,0.9899,50.67,1143
2,5,10,2,4,1,0.5589,1.0467,0.7488,0.8978,51.91,1216
2,5,10,3,15,1,0.5292,0.8223,1.0817,0.9520,52.46,1174
2,5,10,4,4,10,0.5475,0.8087,1.0313,0.9200,51.31,1207
2,5,10,4,10,10,0.5543,1.0935,0.7345,0.9140,54.20,1207
2,5,10,5,4,5,0.5872,0.8441,0.9157,0.8799,54.58,1263
2,5,10,5,5,2,0.6144,0.8057,0.8808,0.8433,55.22,1274
2,5,10,5,10,5,0.5901,0.7226,1.0381,0.8803,56.58,1263
2,5,10,5,15,10,0.5199,0.9546,0.8984,0.9265,49.42,1161
2,5,10,6,7,3,0.6389,0.6452,0.9498,0.7975,61.63,1291
2,5,10,8,4,4,0.6134,0.6444,0.9599,0.8021,57.20,1285
2,5,10,8,5,3,0.6272,0.8388,0.7619,0.8004,58.49,1294
2,5,10,8,10,2,0.6157,0.6913,0.9850,0.8381,57.57,1285
2,5,15,1,3,10,0.4824,1.1148,0.8433,0.9790,51.13,1115
2,5,15,1,10,2,0.5234,0.9015,0.9864,0.9440,51.01,1154
2,5,15,2,4,10,0.5044,0.8826,1.0259,0.9543,52.65,1136
2,5,15,2,6,2,0.5315,0.9842,0.9124,0.9483,52.87,1179
2,5,15,2,7,4,0.5344,0.7272,1.1103,0.9188,54.19,1180
2,5,15,3,3,1,0.5272,0.9287,0.9441,0.9364,51.42,1177
2,5,15,3,3,3,0.5291,0.9321,0.9566,0.9443,54.47,1180
2,5,15,4,4,1,0.5487,0.9332,0.9014,0.9173,55.63,1197
2,5,15,4,15,3,0.5089,1.1128,0.8604,0.9866,52.09,1147
2,5,15,5,3,3,0.5438,0.7562,1.1047,0.9305,54.81,1204
2,5,15,5,5,3,0.5658,0.8844,0.8634,0.8739,56.02,1217
2,5,15,5,7,5,0.5605,0.7851,0.9769,0.8810,54.72,1218
2,5,15,6,6,2,0.5731,0.9288,0.8631,0.8959,56.06,1228
2,5,15,6,15,1,0.5077,0.7943,1.1491,0.9717,52.26,1159
2,5,15,8,6,2,0.5958,0.7884,0.8943,0.8413,56.93,1235
2,5,15,8,7,10,0.5351,1.0661,0.8384,0.9522,51.81,1192
2,5,15,8,10,10,0.5240,1.1433,0.7552,0.9492,53.98,1183
2,5,20,1,4,3,0.4336,1.2019,0.8876,1.0447,44.34,1049
2,5,20,1,7,5,0.4217,1.1685,0.9606,1.0646,44.36,1053
2,5,20,1,7,10,0.4163,1.2871,0.9096,1.0984,45.16,1030
2,5,20,1,10,2,0.4379,0.9441,1.1188,1.0315,45.47,1049
2,5,20,2,3,5,0.4319,1.2775,0.8849,1.0812,47.10,1055
2,5,20,2,5,4,0.4353,1.0503,1.0499,1.0501,47.47,1065
2,5,20,2,6,5,0.4490,1.1302,0.9535,1.0419,46.83,1065
2,5,20,2,7,2,0.4486,1.2129,0.8169,1.0149,47.14,1067
2,5,20,2,10,4,0.4528,1.0131,1.0707,1.0419,48.20,1061
2,5,20,2,10,5,0.4376,1.0835,0.9810,1.0322,47.65,1060
2,5,20,2,15,4,0.4028,0.9133,1.2506,1.0819,44.61,1025
2,5,20,3,3,10,0.4224,1.2029,0.9146,1.0588,43.99,1041
2,5,20,3,6,2,0.4656,0.8786,1.2011,1.0398,50.15,1078
2,5,20,3,6,5,0.4448,1.0705,1.0561,1.0633,48.04,1076
2,5,20,3,7,1,0.4476,1.0230,1.0993,1.0612,45.23,1077
2,5,20,3,10,2,0.4411,1.0524,1.0478,1.0501,46.37,1072
2,5,20,4,4,2,0.4529,1.0568,0.9936,1.0252,47.25,1081
2,5,20,4,4,3,0.4597,1.1908,0.8638,1.0273,45.36,1082
2,5,20,4,7,10,0.4365,0.9865,1.0989,1.0427,44.19,1060
2,5,20,4,15,5,0.4197,1.2127,0.9041,1.0584,45.66,1042
2,5,20,5,4,3,0.4540,0.8558,1.2059,1.0309,49.18,1089
2,5,20,5,7,4,0.4707,1.2021,0.8548,1.0285,48.63,1095
2,5,20,5,15,2,0.4212,1.1027,0.9983,1.0505,46.06,1050
2,5,20,8,3,2,0.4535,0.8844,1.2045,1.0444,45.78,1093
2,5,20,8,6,5,0.4609,1.2065,0.8184,1.0125,48.69,1102
2,5,20,8,10,10,0.4367,0.9636,1.1486,1.0561,47.18,1070
2,10,3,1,3,3,0.4848,1.0915,0.9416,1.0166,51.07,1136
2,10,3,1,3,5,0.4988,0.8487,1.1164,0.9826,52.28,1134
2,10,3,1,15,4,0.4582,1.1942,0.8871,1.0407,45.66,1097
2,10,3,2,4,1,0.4966,0.8666,1.0829,0.9748,49.88,1156
2,10,3,2,4,4,0.5329,0.8565,1.0023,0.9294,54.39,1158
2,10,3,2,5,2,0.5158,1.0553,0.8157,0.9355,49.31,1163
2,10,3,2,6,5,0.5241,1.0432,0.8080,0.9256,52.41,1164
2,10,3,3,5,10,0.5029,1.0194,0.8788,0.9491,50.67,1142
2,10,3,3,15,2,0.4937,0.8571,1.1171,0.9871,49.03,1123
2,10,4,1,3,10,0.4891,0.8328,1.1256,0.9792,48.14,1123
2,10,4,1,4,5,0.5238,0.9475,0.8937,0.9206,53.46,1161
2,10,4,1,5,3,0.5195,0.8268,1.0349,0.9309,52.38,1169
2,10,4,1,15,2,0.4862,0.7893,1.1684,0.9789,47.98,1115
2,10,4,2,6,4,0.5351,0.9414,0.9019,0.9217,50.01,1189
2,10,4,2,7,1,0.5332,0.9185,0.9795,0.9490,49.91,1188
2,10,4,2,10,4,0.5389,0.8488,0.9722,0.9105,50.74,1181
2,10,4,2,15,1,0.4925,0.8953,1.0314,0.9633,50.19,1128
2,10,4,4,3,2,0.5376,1.0227,0.8808,0.9517,52.72,1203
2,10,5,3,5,2,0.5789,0.6592,1.0494,0.8543,56.43,1225
2,10,5,3,10,1,0.5679,0.8507,0.9633,0.9070,53.02,1217
2,10,5,3,15,1,0.5181,0.9502,0.9319,0.9411,51.95,1160
2,10,5,4,3,10,0.5253,0.7510,1.1052,0.9281,52.85,1184
2,10,5,4,4,10,0.5450,1.0051,0.8043,0.9047,51.38,1191
2,10,5,4,10,3,0.5909,0.6645,1.0157,0.8401,54.99,1235
2,10,5,4,15,2,0.5391,0.8938,0.9100,0.9019,51.35,1174
2,10,5,5,3,10,0.5477,0.9205,0.8898,0.9052,52.02,1194
2,10,5,5,4,5,0.5934,0.9607,0.7578,0.8592,54.94,1244
2,10,6,1,4,10,0.5265,1.0772,0.7783,0.9277,50.65,1161
2,10,6,1,6,4,0.5432,0.9148,0.8812,0.8980,52.84,1209
2,10,6,1,6,10,0.5239,1.0213,0.8230,0.9222,51.68,1169
2,10,6,3,3,4,0.5702,1.0428,0.7031,0.8730,54.02,1230
2,10,6,3,5,4,0.5951,1.0433,0.6902,0.8668,58.22,1245
2,10,6,3,10,5,0.5787,1.0432,0.7297,0.8865,54.16,1236
2,10,6,3,15,2,0.5265,0.7579,1.1498,0.9538,50.79,1178
2,10,6,4,5,5,0.6053,0.7443,0.9614,0.8529,58.93,1258
2,10,6,5,5,5,0.6179,0.7304,0.9512,0.8408,56.52,1272
2,10,10,1,6,1,0.5697,0.8515,0.8955,0.8735,53.47,1240
2,10,10,2,10,10,0.5619,0.8291,0.9195,0.8743,52.53,1209
2,10,10,3,15,1,0.5365,0.8798,1.0221,0.9509,52.46,1205
2,10,10,5,7,2,0.6630,0.6716,0.8345,0.7531,59.81,1329
2,10,10,6,6,10,0.6063,0.9141,0.7250,0.8196,56.72,1276
2,10,10,8,3,2,0.6384,0.7743,0.8352,0.8048,58.98,1322
2,10,15,1,3,3,0.5278,1.0125,0.8194,0.9160,52.52,1177
2,10,15,2,3,3,0.5418,0.8267,0.9930,0.9099,51.87,1195
2,10,15,3,10,1,0.5558,1.0712,0.7563,0.9137,55.86,1217
2,10,15,3,15,3,0.5255,0.8408,1.0611,0.9510,52.82,1163
2,10,15,4,4,3,0.5890,1.0562,0.6893,0.8728,54.26,1235
2,10,15,4,5,2,0.5942,0.7276,1.0058,0.8667,55.17,1241
2,10,15,4,6,4,0.5856,0.8939,0.7812,0.8375,56.73,1244
2,10,15,5,3,3,0.5741,0.7774,1.0214,0.8994,55.23,1239
2,10,15,5,4,1,0.5904,0.7212,1.0375,0.8793,57.29,1244
2,10,15,5,4,4,0.5802,0.7928,0.9473,0.8701,56.91,1247
2,10,15,5,6,1,0.5878,0.8165,0.8607,0.8386,54.81,1254
2,10,15,5,10,4,0.5789,1.0892,0.6915,0.8904,57.63,1247
2,10,15,6,3,1,0.5780,0.7238,1.0323,0.8781,56.04,1244
2,10,15,8,3,10,0.5458,0.7282,1.0678,0.8980,55.36,1208
2,10,15,8,7,10,0.5693,0.8328,0.9277,0.8802,53.64,1226
2,10,20,1,3,10,0.4119,0.9442,1.1994,1.0718,42.85,1039
2,10,20,2,3,5,0.4396,1.1045,1.0321,1.0683,48.28,1076
2,10,20,3,6,5,0.4796,1.0998,0.9101,1.0050,50.93,1098
2,10,20,3,7,3,0.4645,0.8214,1.2029,1.0122,48.33,1102
2,10,20,4,3,1,0.4698,0.8584,1.1876,1.0230,48.29,1097
2,10,20,5,7,5,0.4893,1.1079,0.8743,0.9911,50.76,1117
2,10,20,6,3,5,0.4654,0.8134,1.2102,1.0118,48.19,1110
2,10,20,6,6,3,0.4924,1.1661,0.8349,1.0005,48.61,1125
2,10,20,6,6,4,0.4890,0.8580,1.0833,0.9707,51.16,1124
2,10,20,6,10,5,0.4765,0.9066,1.1132,1.0099,47.91,1115
2,10,20,8,4,10,0.4674,1.0424,0.9565,0.9994,45.90,1092
2,10,20,8,5,3,0.4968,0.8710,1.0672,0.9691,49.92,1127
2,20,3,1,3,3,0.4354,1.2454,0.9081,1.0768,45.48,1046
2,20,3,2,3,1,0.4323,1.1961,0.9152,1.0557,47.05,1056
2,20,3,2,5,1,0.4541,1.0761,0.9673,1.0217,48.96,1064
2,20,3,2,7,1,0.4278,1.1455,1.0132,1.0794,46.68,1067
2,20,3,2,7,2,0.4423,1.2433,0.8870,1.0652,48.71,1069
2,20,3,3,7,1,0.4402,1.1128,0.9858,1.0493,44.41,1078
2,20,4,2,4,1,0.4529,0.8810,1.1610,1.0210,48.82,1077
2,20,4,2,7,2,0.4460,1.0950,0.9593,1.0272,48.76,1086
2,20,4,3,5,4,0.4633,1.0006,1.0265,1.0136,48.21,1094
2,20,4,3,6,4,0.4744,0.9601,1.0247,0.9924,49.57,1097
2,20,4,4,3,4,0.4635,0.9683,1.0331,1.0007,50.44,1095
2,20,5,2,10,2,0.4596,1.1947,0.8076,1.0012,47.32,1094
2,20,5,3,7,4,0.4958,1.0747,0.9333,1.0040,50.52,1113
2,20,5,3,10,5,0.4732,0.8972,1.1633,1.0302,48.48,1104
2,20,5,4,3,1,0.4895,0.9796,0.9831,0.9813,47.52,1108
2,20,5,4,5,4,0.4868,1.0471,0.9555,1.0013,47.97,1120
2,20,5,4,6,1,0.4992,1.0603,0.9374,0.9989,48.25,1120
2,20,5,4,10,10,0.4726,0.8706,1.1833,1.0270,49.18,1086
2,20,6,1,4,3,0.4681,0.9233,1.1522,1.0377,49.46,1093
2,20,6,1,5,5,0.4736,1.0663,0.9937,1.0300,50.68,1094
2,20,6,1,6,2,0.4743,1.2144,0.8449,1.0297,48.19,1098
2,20,6,2,3,4,0.4769,0.9152,1.1283,1.0218,50.92,1101
2,20,6,2,3,5,0.4537,0.8565,1.2133,1.0349,45.88,1099
2,20,6,2,4,1,0.4626,1.1023,0.8926,0.9975,50.16,1104
2,20,6,2,6,1,0.4807,1.1384,0.8882,1.0133,48.84,1111
2,20,6,2,6,4,0.4664,1.1309,0.8605,0.9957,45.68,1113
2,20,6,3,3,1,0.4827,1.1826,0.8143,0.9985,49.63,1111
2,20,6,3,7,3,0.5005,0.8759,1.0476,0.9617,51.33,1127
2,20,6,4,3,5,0.4893,1.0519,0.9327,0.9923,48.02,1121
2,20,6,4,3,10,0.4516,0.9252,1.1754,1.0503,49.55,1093
2,20,6,4,5,1,0.4980,1.0135,0.9659,0.9897,51.65,1132
2,20,6,6,5,3,0.5031,1.0028,0.9037,0.9533,52.13,1149
2,20,6,6,5,10,0.4813,0.9456,1.0256,0.9856,47.22,1116
2,20,10,1,3,5,0.4825,0.9483,1.0050,0.9766,48.61,1107
2,20,10,1,4,4,0.4776,1.1878,0.8083,0.9980,50.13,1115
2,20,10,1,7,10,0.4665,1.0362,1.0399,1.0380,47.60,1092
2,20,10,2,3,10,0.4661,0.8591,1.1504,1.0048,49.67,1093
2,20,10,2,4,10,0.4611,0.9005,1.1734,1.0370,46.10,1099
2,20,10,2,10,3,0.5109,0.8302,1.0772,0.9537,49.05,1131
2,20,10,2,15,5,0.4527,0.9954,1.0917,1.0435,49.66,1084
2,20,10,3,5,1,0.5071,0.7498,1.1415,0.9456,49.00,1146
2,20,10,5,10,1,0.5197,0.7652,1.1112,0.9382,49.76,1162
2,20,10,6,3,3,0.5115,0.9612,0.9763,0.9688,52.44,1165
2,20,10,6,3,5,0.5261,0.8413,1.0754,0.9584,49.74,1162
2,20,10,6,7,3,0.5278,1.0412,0.8641,0.9526,50.30,1181
2,20,10,6,7,4,0.5378,0.9847,0.8584,0.9215,51.68,1180
2,20,10,6,15,2,0.4862,1.1109,0.8764,0.9936,51.54,1121
2,20,15,1,7,2,0.4567,0.8719,1.1625,1.0172,45.96,1087
2,20,15,1,10,1,0.4426,0.9511,1.1327,1.0419,47.16,1078
2,20,15,1,15,10,0.4093,1.2363,0.9272,1.0817,46.15,1018
2,20,15,2,4,5,0.4617,0.9761,1.1129,1.0445,49.28,1092
2,20,15,2,6,1,0.4661,1.1916,0.8306,1.0111,47.12,1098
2,20,15,3,4,4,0.4661,0.8989,1.1252,1.0121,49.92,1106
2,20,15,3,6,3,0.4853,1.1627,0.8342,0.9984,48.68,1113
2,20,15,3,10,4,0.4681,1.0602,0.9392,0.9997,50.65,1106
2,20,15,4,10,3,0.4794,0.8572,1.1099,0.9836,48.94,1117
2,20,15,4,10,5,0.4724,1.0492,0.9895,1.0194,49.65,1114
2,20,15,5,3,5,0.4951,0.8946,1.0700,0.9823,49.81,1116
2,20,15,5,7,5,0.5032,1.0999,0.8311,0.9655,51.52,1130
2,20,15,5,10,2,0.4936,0.8621,1.0559,0.9590,52.07,1124
2,20,15,5,10,10,0.4722,0.8973,1.0784,0.9879,50.84,1093
2,20,15,5,15,4,0.4621,1.1157,0.9240,1.0199,50.05,1081
2,20,15,6,3,2,0.4916,1.0747,0.8572,0.9660,49.41,1124
2,20,15,6,10,4,0.4803,1.1250,0.8922,1.0086,49.42,1130
2,20,20,1,5,10,0.3618,0.9603,1.2718,1.1160,40.96,976
2,20,20,1,6,1,0.3925,1.1458,1.1083,1.1271,41.35,997
2,20,20,1,6,2,0.3853,1.2441,0.9985,1.1213,41.24,998
2,20,20,2,3,1,0.3953,1.2091,0.9949,1.1020,43.03,999
2,20,20,3,6,5,0.3930,1.0283,1.1482,1.0882,41.93,1017
2,20,20,3,7,5,0.3968,1.0508,1.1755,1.1132,42.98,1017
2,20,20,3,10,3,0.4041,1.1448,1.0064,1.0756,44.72,1014
2,20,20,4,4,5,0.4097,1.1874,0.9767,1.0820,44.24,1020
2,20,20,4,5,2,0.4134,1.0698,1.1097,1.0897,44.96,1024
2,20,20,5,4,4,0.4177,1.2656,0.8752,1.0704,46.00,1027
2,20,20,5,6,10,0.3919,1.1123,1.0611,1.0867,45.43,1009
2,20,20,5,7,2,0.4190,1.1363,1.0053,1.0708,47.17,1033
2,20,20,5,15,5,0.3792,1.0061,1.2425,1.1243,43.34,993
2,20,20,6,5,5,0.4184,1.1339,0.9789,1.0564,47.60,1033
3,2,3,1,3,3,0.4705,0.9149,1.0981,1.0065,48.47,1088
3,2,3,2,4,10,0.4744,0.8950,1.0975,0.9962,49.86,1078
3,2,3,3,10,2,0.5003,1.0093,0.9539,0.9816,47.99,1119
3,2,4,1,6,1,0.5025,1.1210,0.8348,0.9779,50.04,1116
3,2,4,1,6,3,0.5022,1.0893,0.8980,0.9937,51.93,1118
3,2,4,1,10,2,0.4847,1.1883,0.8170,1.0027,47.38,1111
3,2,4,2,6,10,0.4931,1.1623,0.8068,0.9845,49.74,1101
3,2,4,3,15,2,0.4802,0.8481,1.1550,1.0015,50.43,1094
3,2,4,4,5,10,0.5132,1.0094,0.9289,0.9692,49.07,1121
3,2,5,1,3,1,0.4948,1.0924,0.8909,0.9916,49.38,1119
3,2,5,1,4,5,0.5253,1.0222,0.9003,0.9612,54.22,1125
3,2,5,2,6,4,0.5211,0.9488,0.9615,0.9552,51.26,1150
3,2,5,2,15,2,0.4888,0.8669,1.1327,0.9998,49.37,1098
3,2,5,3,3,2,0.5290,0.8631,1.0224,0.9427,54.56,1151
3,2,5,3,5,2,0.5537,1.0395,0.7860,0.9127,52.65,1162
3,2,5,3,6,5,0.5445,0.8401,1.0001,0.9201,54.58,1162
3,2,5,3,7,1,0.5574,0.9522,0.8098,0.8810,55.70,1163
3,2,5,4,5,10,0.5312,1.0534,0.8261,0.9398,50.13,1138
3,2,5,4,6,4,0.5579,0.9985,0.7717,0.8851,55.74,1177
3,2,5,4,7,1,0.5413,0.8580,0.9584,0.9082,50.45,1176
3,2,5,4,10,1,0.5510,0.8173,1.0058,0.9115,55.23,1167
3,2,5,4,15,5,0.4907,0.8347,1.1184,0.9766,47.54,1118
3,2,5,5,6,4,0.5691,0.6637,1.0568,0.8602,52.90,1187
3,2,6,1,6,5,0.5410,0.8063,1.0146,0.9105,50.76,1146
3,2,6,2,7,5,0.5477,1.0128,0.7948,0.9038,54.45,1164
3,2,6,3,4,1,0.5524,0.7538,1.1078,0.9308,52.60,1170
3,2,6,3,5,3,0.5516,0.7257,1.1012,0.9135,52.28,1178
3,2,6,4,3,3,0.5516,0.9197,0.8615,0.8906,53.24,1179
3,2,6,4,3,4,0.5534,0.9358,0.8481,0.8920,55.11,1178
3,2,6,4,4,3,0.5638,1.0694,0.7430,0.9062,56.58,1186
3,2,6,4,6,10,0.5451,0.8434,1.0059,0.9247,54.54,1156
3,2,6,4,7,1,0.5522,0.8747,0.9707,0.9227,54.90,1192
3,2,6,4,7,5,0.5510,0.8479,0.9448,0.8963,55.84,1192
3,2,6,5,3,3,0.5602,0.9802,0.8124,0.8963,52.45,1189
3,2,6,5,4,5,0.5571,1.0736,0.7432,0.9084,54.70,1193
3,2,6,5,10,1,0.5632,0.7884,0.9888,0.8886,55.37,1193
3,2,6,5,15,4,0.5236,0.8764,1.0617,0.9690,52.22,1142
3,2,6,6,5,1,0.5712,0.8018,0.9917,0.8967,53.10,1206
3,2,6,6,6,3,0.5695,0.7284,0.9953,0.8618,52.88,1213
3,2,6,6,7,5,0.5923,0.9339,0.8068,0.8703,57.51,1210
3,2,6,6,10,2,0.5719,1.0693,0.6952,0.8823,55.99,1203
3,2,10,1,4,10,0.5117,0.9494,0.9412,0.9453,52.19,1133
3,2,10,2,7,4,0.5776,1.0050,0.7797,0.8924,57.45,1196
3,2,10,2,10,4,0.5740,0.9730,0.7660,0.8695,55.47,1186
3,2,10,3,3,4,0.5545,0.7536,1.0166,0.8851,52.85,1195
3,2,10,3,7,1,0.5907,0.7958,0.9645,0.8802,58.36,1210
3,2,10,3,10,4,0.5737,1.0056,0.7287,0.8672,53.48,1202
3,2,10,5,5,10,0.5608,0.9495,0.8450,0.8972,54.58,1191
3,2,10,5,15,10,0.5095,1.0772,0.8029,0.9401,49.48,1134
3,2,10,6,3,1,0.5867,0.7518,0.9943,0.8730,57.98,1225
3,2,10,6,4,5,0.5881,0.7188,0.9917,0.8552,57.12,1234
3,2,10,6,6,10,0.5750,0.9612,0.8325,0.8968,57.04,1201
3,2,10,6,10,10,0.5804,0.7622,0.9658,0.8640,56.59,1193
3,2,10,6,15,3,0.5456,0.9679,0.8968,0.9323,55.09,1177
3,2,10,8,5,1,0.6028,0.7897,0.9013,0.8455,57.78,1247
3,2,10,8,5,3,0.6110,1.0045,0.6354,0.8200,59.00,1251
3,2,10,8,7,1,0.6234,0.7252,0.9272,0.8262,59.11,1252
3,2,10,8,15,2,0.5701,0.8552,0.9339,0.8946,53.21,1181
3,2,15,1,7,1,0.5052,0.8259,1.1258,0.9759,51.07,1133
3,2,15,1,10,1,0.5218,0.7725,1.1627,0.9676,52.33,1125
3,2,15,1,15,1,0.4728,0.9955,1.0439,1.0197,48.88,1082
3,2,15,3,5,3,0.5399,0.9500,0.9159,0.9330,54.14,1163
3,2,15,3,5,5,0.5429,0.8622,0.9671,0.9146,53.38,1160
3,2,15,3,10,3,0.5305,0.9412,0.9769,0.9590,54.23,1158
3,2,15,4,3,5,0.5373,0.9186,0.8911,0.9049,54.12,1160
3,2,15,4,3,10,0.5026,0.7751,1.1333,0.9542,49.91,1128
3,2,15,4,5,5,0.5441,0.7320,1.0847,0.9083,53.67,1172
3,2,15,4,7,2,0.5514,0.9416,0.9091,0.9254,55.16,1178
3,2,15,4,7,10,0.5228,0.8671,0.9764,0.9218,53.16,1142
3,2,15,4,10,5,0.5527,0.9512,0.9091,0.9301,51.53,1167
3,2,15,5,5,2,0.5590,0.8976,0.8907,0.8941,53.88,1184
3,2,15,5,10,4,0.5473,1.0661,0.7948,0.9305,55.30,1179
3,2,15,6,6,4,0.5563,0.9984,0.8533,0.9258,54.17,1194
3,2,15,6,7,5,0.5613,0.8924,0.8903,0.8914,54.30,1193
3,2,15,6,15,1,0.5210,1.0479,0.8987,0.9733,49.55,1132
3,2,15,8,4,4,0.5650,0.7914,1.0181,0.9048,53.06,1192
3,2,15,8,6,2,0.5718,1.0432,0.7544,0.8988,54.62,1200
3,2,20,1,5,2,0.4279,1.0254,1.0701,1.0477,45.63,1033
3,2,20,1,10,2,0.4306,1.2010,0.9539,1.0775,47.24,1030
3,2,20,2,5,3,0.4423,1.1529,0.9374,1.0452,48.97,1045
3,2,20,2,6,1,0.4377,1.1665,0.9067,1.0366,47.73,1045
3,2,20,2,10,4,0.4387,1.2220,0.9029,1.0624,44.28,1041
3,2,20,3,4,4,0.4610,1.0666,1.0322,1.0494,46.54,1051
3,2,20,3,10,1,0.4414,0.8563,1.2471,1.0517,44.13,1050
3,2,20,4,3,10,0.4301,1.0137,1.1445,1.0791,46.39,1030
3,2,20,5,5,10,0.4537,1.2501,0.8555,1.0528,49.76,1044
3,2,20,5,7,4,0.4716,0.9269,1.1048,1.0159,49.30,1073
3,2,20,6,3,5,0.4546,1.0615,0.9571,1.0093,46.78,1065
3,2,20,6,10,1,0.4631,1.0988,0.9923,1.0456,45.93,1070
3,2,20,6,15,3,0.4453,0.9062,1.2187,1.0624,48.50,1035
3,2,20,8,3,2,0.4533,1.0570,0.9806,1.0188,49.29,1071
3,2,20,8,5,10,0.4544,1.0241,1.0812,1.0526,46.65,1052
3,2,20,8,6,10,0.4425,1.1583,0.9223,1.0403,46.90,1054
3,3,3,1,5,1,0.4998,0.8874,1.0411,0.9642,50.36,1109
3,3,3,2,10,5,0.5012,0.9689,0.9482,0.9585,50.96,1119
3,3,3,2,15,10,0.4547,1.2044,0.8843,1.0443,49.30,1052
3,3,3,3,4,1,0.4999,1.1063,0.8377,0.9720,49.52,1132
3,3,3,3,6,5,0.5295,0.8547,0.9722,0.9134,54.47,1139
3,3,4,1,10,5,0.4904,1.1181,0.8574,0.9878,49.51,1124
3,3,4,2,6,3,0.5227,0.8824,0.9896,0.9360,51.85,1149
3,3,4,2,7,1,0.5194,0.8763,1.0353,0.9558,52.61,1147
3,3,4,3,4,3,0.5373,0.9710,0.8933,0.9322,54.08,1156
3,3,4,3,6,10,0.5236,0.8814,1.0056,0.9435,52.11,1129
3,3,4,3,7,4,0.5448,1.0378,0.8355,0.9367,52.56,1164
3,3,4,3,15,3,0.5098,0.8878,1.0331,0.9605,48.60,1109
3,3,4,4,3,3,0.5364,0.8171,1.0425,0.9298,52.18,1161
3,3,4,4,4,4,0.5583,0.7909,0.9629,0.8769,52.48,1167
3,3,5,2,5,5,0.5435,0.7600,1.0778,0.9189,52.56,1162
3,3,5,2,7,2,0.5382,1.0607,0.8368,0.9487,51.54,1168
3,3,5,2,15,1,0.4908,0.8738,1.0673,0.9705,52.07,1110
3,3,5,4,4,1,0.5521,0.8489,0.9489,0.8989,56.02,1185
3,3,5,5,3,10,0.5185,1.1059,0.7862,0.9461,53.70,1153
3,3,5,5,5,4,0.5835,0.9986,0.7072,0.8529,56.14,1203
3,3,6,1,3,2,0.5374,0.9148,0.9087,0.9117,50.65,1151
3,3,6,1,10,5,0.5452,0.8043,0.9834,0.8938,54.80,1155
3,3,6,2,10,10,0.5177,0.8360,1.0698,0.9529,49.58,1139
3,3,6,3,3,2,0.5565,0.8193,1.0066,0.9129,55.66,1184
3,3,6,3,3,4,0.5502,0.9330,0.8964,0.9147,53.57,1184
3,3,6,3,7,10,0.5277,0.7885,1.1224,0.9555,49.60,1162
3,3,6,4,3,3,0.5629,0.7137,1.0631,0.8884,54.98,1198
3,3,6,5,3,1,0.5695,0.7780,0.9433,0.8606,54.65,1205
3,3,6,5,7,1,0.5840,0.7806,0.9169,0.8487,55.00,1223
3,3,6,5,15,2,0.5262,0.7585,1.0846,0.9216,51.71,1159
3,3,6,6,15,4,0.5302,0.9800,0.8782,0.9291,51.77,1165
3,3,10,1,4,5,0.5432,0.9104,0.9290,0.9197,53.99,1183
3,3,10,1,7,3,0.5675,0.9021,0.9082,0.9052,52.34,1196
3,3,10,1,10,1,0.5688,0.7136,1.0094,0.8615,54.95,1183
3,3,10,1,15,3,0.5046,1.1305,0.8434,0.9870,52.84,1135
3,3,10,1,15,10,0.4873,0.9481,1.0561,1.0021,47.58,1103
3,3,10,2,6,2,0.5879,0.9563,0.7693,0.8628,53.51,1214
3,3,10,3,3,2,0.5905,0.8506,0.8711,0.8609,54.90,1215
3,3,10,3,3,4,0.5973,0.7641,0.9582,0.8612,56.89,1215
3,3,10,3,6,2,0.5897,0.8290,0.8971,0.8631,53.63,1232
3,3,10,4,4,1,0.5939,0.6902,1.0207,0.8554,55.59,1235
3,3,10,4,4,4,0.6044,0.8488,0.8110,0.8299,57.25,1238
3,3,10,4,4,10,0.5717,0.8935,0.9067,0.9001,56.11,1194
3,3,10,4,15,10,0.5287,1.0719,0.8189,0.9454,51.84,1141
3,3,10,5,6,5,0.6232,0.8150,0.8461,0.8306,55.95,1258
3,3,10,6,15,3,0.5754,0.8496,0.9088,0.8792,57.52,1195
3,3,10,8,10,2,0.6290,0.8151,0.7656,0.7904,58.40,1267
3,3,15,1,6,1,0.5263,0.8375,1.0940,0.9657,50.58,1148
3,3,15,1,10,1,0.5241,1.0026,0.9217,0.9622,50.15,1141
3,3,15,1,10,4,0.5295,0.9259,0.9462,0.9361,50.09,1143
3,3,15,2,3,4,0.5256,0.9086,1.0053,0.9570,51.78,1153
3,3,15,2,6,3,0.5422,1.0608,0.7388,0.8998,55.02,1168
3,3,15,3,10,1,0.5362,0.8419,1.0514,0.9466,51.35,1172
3,3,15,4,4,5,0.5556,0.9220,0.8372,0.8796,54.18,1185
3,3,15,4,7,1,0.5623,0.7825,1.0248,0.9036,54.22,1194
3,3,15,5,10,2,0.5754,1.0257,0.7068,0.8662,57.04,1197
3,3,15,6,3,2,0.5820,0.7962,0.9077,0.8520,55.31,1197
3,3,15,6,4,2,0.5764,0.8962,0.8888,0.8925,53.57,1205
3,3,15,6,5,3,0.5726,1.0270,0.7720,0.8995,54.26,1212
3,3,15,6,15,3,0.5297,0.8624,1.0132,0.9378,51.26,1151
3,3,15,8,3,3,0.5656,0.9000,0.8880,0.8940,54.14,1204
3,3,15,8,6,2,0.5777,0.7681,0.9738,0.8710,57.15,1220
3,3,20,1,10,4,0.4473,0.9330,1.1298,1.0314,49.27,1041
3,3,20,2,3,5,0.4576,1.0689,1.0229,1.0459,45.62,1047
3,3,20,3,5,10,0.4364,1.0275,1.0440,1.0358,46.14,1041
3,3,20,3,10,4,0.4574,1.1891,0.8559,1.0225,46.20,1064
3,3,20,4,4,4,0.4744,0.8035,1.1858,0.9946,47.39,1072
3,3,20,4,7,3,0.4676,1.1622,0.8711,1.0167,50.18,1079
3,3,20,5,6,1,0.4644,1.1933,0.8881,1.0407,46.72,1084
3,3,20,6,6,1,0.4620,0.9594,1.0455,1.0024,50.09,1089
3,3,20,8,3,4,0.4832,0.9226,1.0857,1.0042,47.18,1084
3,3,20,8,5,10,0.4453,0.9630,1.1201,1.0415,46.88,1065
3,5,3,1,7,2,0.5131,0.8876,1.0408,0.9642,50.18,1138
3,5,3,2,6,10,0.4917,0.9044,1.0299,0.9672,51.95,1120
3,5,3,2,7,10,0.4978,0.8835,1.1208,1.0021,49.43,1121
3,5,3,2,10,2,0.5143,1.1679,0.7697,0.9688,48.90,1146
3,5,3,3,4,3,0.5429,0.9767,0.8877,0.9322,53.03,1161
3,5,3,3,5,3,0.5427,1.0720,0.8081,0.9401,54.13,1166
3,5,3,3,5,10,0.5227,1.0432,0.8636,0.9534,50.32,1131
3,5,3,3,6,2,0.5540,0.7875,0.9789,0.8832,53.74,1168
3,5,3,3,7,10,0.5130,1.0999,0.7965,0.9482,48.63,1134
3,5,3,3,10,5,0.5413,0.8413,1.0525,0.9469,53.99,1158
3,5,4,1,6,1,0.5353,0.7811,1.0620,0.9215,51.94,1156
3,5,4,1,15,3,0.5028,0.8352,1.1008,0.9680,50.66,1105
3,5,4,2,4,1,0.5466,0.8357,0.9549,0.8953,53.88,1166
3,5,4,2,15,3,0.4957,1.0707,0.8996,0.9851,51.12,1120
3,5,4,3,3,5,0.5591,0.8866,0.9158,0.9012,51.64,1174
3,5,4,3,4,4,0.5591,0.7676,1.0433,0.9055,53.61,1183
3,5,4,3,5,1,0.5612,1.0850,0.7116,0.8983,52.68,1186
3,5,4,3,7,10,0.5283,0.7828,1.0693,0.9261,50.48,1155
3,5,4,4,3,2,0.5690,1.0949,0.7205,0.9077,52.52,1189
3,5,4,4,5,3,0.5846,1.0128,0.6656,0.8392,54.92,1203
3,5,5,1,15,10,0.4747,0.9374,1.0676,1.0025,48.87,1090
3,5,5,2,7,5,0.5787,0.8301,0.9569,0.8935,53.65,1195
3,5,5,2,10,10,0.5414,1.1297,0.7621,0.9459,55.21,1151
3,5,5,2,15,3,0.5120,0.8949,1.0682,0.9815,50.25,1137
3,5,5,2,15,4,0.5299,1.0015,0.8294,0.9155,54.50,1136
3,5,5,2,15,10,0.4972,0.8327,1.1596,0.9961,48.04,1104
3,5,5,3,5,3,0.5687,1.0823,0.6976,0.8900,55.54,1211
3,5,5,3,15,10,0.5027,0.9119,1.0494,0.9806,49.28,1117
3,5,5,4,4,2,0.5872,0.6904,0.9976,0.8440,55.37,1219
3,5,5,4,15,2,0.5369,0.9048,0.9242,0.9145,53.41,1161
3,5,5,4,15,5,0.5331,0.8214,1.0898,0.9556,50.84,1159
3,5,5,5,10,1,0.5790,1.0695,0.6990,0.8843,55.21,1227
3,5,5,5,10,2,0.6110,0.8522,0.7739,0.8130,55.65,1230
3,5,5,5,15,2,0.5433,1.0926,0.7450,0.9188,52.97,1171
3,5,6,1,3,10,0.5170,1.1129,0.7635,0.9382,50.07,1143
3,5,6,1,6,5,0.5733,0.7489,1.0081,0.8785,53.61,1192
3,5,6,2,3,4,0.5677,0.7920,1.0299,0.9110,53.25,1198
3,5,6,2,6,5,0.5684,0.7563,1.0398,0.8981,52.65,1212
3,5,6,2,10,5,0.5732,0.9721,0.7821,0.8771,53.78,1203
3,5,6,4,5,2,0.6233,0.6229,0.9838,0.8033,56.50,1244
3,5,6,5,4,4,0.6155,0.7103,0.9107,0.8105,57.16,1251
3,5,6,5,15,4,0.5759,1.0488,0.7024,0.8756,55.75,1187
3,5,6,6,3,10,0.5779,1.0217,0.7122,0.8669,53.33,1205
3,5,6,6,7,5,0.6245,1.0074,0.6208,0.8141,58.50,1269
3,5,6,6,10,4,0.6104,0.7542,0.8812,0.8177,54.94,1260
3,5,10,1,3,10,0.5565,0.8835,0.9340,0.9088,52.25,1169
3,5,10,1,10,4,0.5970,0.6438,1.0332,0.8385,57.22,1217
3,5,10,1,15,2,0.5310,0.7889,1.0436,0.9162,50.80,1160
3,5,10,2,3,4,0.5808,1.0459,0.7197,0.8828,56.74,1230
3,5,10,2,5,4,0.6215,0.6275,0.9475,0.7875,58.20,1245
3,5,10,2,6,5,0.6134,0.8576,0.7462,0.8019,56.48,1246
3,5,10,3,7,5,0.6277,0.8005,0.7682,0.7843,60.91,1268
3,5,10,4,5,3,0.6577,0.6463,0.9182,0.7822,62.29,1285
3,5,10,4,5,10,0.5906,1.0468,0.7118,0.8793,55.26,1232
3,5,10,4,10,1,0.6232,0.7983,0.7789,0.7886,56.84,1273
3,5,10,5,5,10,0.6070,1.0281,0.6321,0.8301,58.60,1245
3,5,10,5,6,1,0.6594,0.8103,0.7421,0.7762,60.56,1300
3,5,10,5,6,5,0.6621,0.7841,0.6792,0.7317,61.20,1300
3,5,10,5,10,3,0.6397,0.7162,0.8764,0.7963,58.29,1293
3,5,10,6,3,10,0.5893,0.8302,0.8475,0.8389,56.68,1238
3,5,10,6,10,5,0.6491,0.5757,0.9589,0.7673,59.32,1298
3,5,10,8,4,5,0.6698,0.9491,0.5825,0.7658,63.10,1308
3,5,10,8,4,10,0.6163,0.8203,0.8301,0.8252,55.61,1254
3,5,10,8,7,5,0.6699,0.6605,0.8240,0.7423,62.73,1323
3,5,10,8,15,3,0.6037,0.7597,0.8812,0.8205,56.53,1234
3,5,15,1,7,5,0.5432,1.0355,0.7713,0.9034,53.64,1176
3,5,15,2,6,5,0.5648,0.7777,0.9996,0.8886,51.96,1194
3,5,15,2,10,4,0.5720,0.9249,0.8411,0.8830,52.87,1188
3,5,15,3,5,5,0.5592,0.9358,0.9044,0.9201,51.75,1207
3,5,15,3,10,5,0.5718,0.7137,1.0083,0.8610,55.86,1202
3,5,15,4,5,2,0.5799,0.7800,0.9946,0.8873,55.91,1224
3,5,15,4,10,10,0.5341,0.8221,1.0716,0.9468,50.04,1177
3,5,15,5,3,1,0.5906,0.7592,0.9502,0.8547,54.62,1219
3,5,15,5,3,5,0.5852,1.0821,0.6869,0.8845,55.38,1219
3,5,15,5,4,3,0.5854,0.7005,1.0466,0.8735,56.87,1231
3,5,15,5,10,5,0.5970,1.0310,0.6961,0.8635,57.32,1227
3,5,15,6,5,2,0.6202,0.8347,0.7668,0.8007,56.96,1245
3,5,15,6,6,1,0.6192,0.7959,0.8637,0.8298,60.09,1246
3,5,15,6,15,2,0.5666,0.9738,0.8521,0.9129,56.04,1178
3,5,15,6,15,3,0.5484,0.9766,0.8854,0.9310,54.62,1178
3,5,15,8,6,10,0.5902,0.7937,0.9053,0.8495,55.71,1210
3,5,20,1,3,10,0.4391,1.2307,0.8824,1.0565,47.09,1030
3,5,20,1,10,3,0.4622,1.0817,0.9965,1.0391,46.92,1061
3,5,20,1,10,10,0.4332,0.8822,1.2396,1.0609,47.78,1035
3,5,20,2,4,1,0.4521,0.9193,1.1852,1.0522,48.07,1071
3,5,20,2,15,2,0.4362,1.1406,0.9593,1.0500,47.86,1036
3,5,20,2,15,3,0.4449,1.0675,1.0580,1.0628,46.35,1036
3,5,20,3,6,2,0.4878,0.8518,1.1303,0.9911,49.56,1090
3,5,20,4,4,10,0.4548,0.9164,1.1223,1.0193,45.82,1066
3,5,20,4,10,5,0.4954,1.1522,0.7745,0.9633,49.81,1092
3,5,20,8,15,3,0.4658,1.1819,0.8196,1.0008,46.53,1070
3,10,3,3,5,3,0.5611,0.9171,0.9029,0.9100,54.21,1196
3,10,3,3,5,5,0.5602,1.0131,0.7807,0.8969,53.09,1193
3,10,3,3,7,5,0.5684,0.8739,0.8684,0.8711,56.53,1197
3,10,3,3,15,3,0.5053,0.9309,0.9741,0.9525,48.68,1139
3,10,4,2,7,4,0.5765,1.0501,0.7359,0.8930,56.76,1209
3,10,4,2,10,3,0.5686,1.0924,0.7140,0.9032,52.86,1200
3,10,4,3,3,5,0.5752,0.7495,0.9623,0.8559,53.31,1205
3,10,4,3,4,10,0.5532,0.8726,0.9789,0.9257,55.52,1175
3,10,4,3,5,5,0.5938,1.0284,0.6676,0.8480,53.80,1219
3,10,4,3,7,1,0.5862,0.7635,0.9460,0.8547,54.70,1224
3,10,4,3,10,1,0.5640,0.9108,0.8391,0.8749,56.06,1213
3,10,4,3,10,4,0.5838,0.9400,0.7783,0.8591,54.42,1216
3,10,4,4,3,1,0.5951,0.6974,1.0147,0.8560,56.46,1220
3,10,4,4,7,3,0.6075,0.9777,0.6842,0.8310,57.30,1243
3,10,4,4,15,2,0.5554,0.9406,0.8881,0.9143,51.91,1171
3,10,5,1,3,4,0.5720,0.9731,0.7549,0.8640,53.21,1193
3,10,5,1,7,5,0.5790,0.8898,0.8990,0.8944,55.71,1208
3,10,5,2,5,3,0.6036,0.7218,0.9654,0.8436,56.06,1228
3,10,5,2,6,4,0.6006,0.7075,0.9539,0.8307,55.85,1230
3,10,5,2,7,5,0.5769,0.7994,0.9425,0.8709,53.57,1229
3,10,5,2,7,10,0.5702,0.9104,0.8428,0.8766,57.02,1189
3,10,5,2,10,1,0.5789,0.7414,0.9973,0.8694,53.16,1218
3,10,5,3,3,1,0.6003,0.7278,0.9229,0.8254,55.86,1228
3,10,5,3,10,4,0.6063,0.6869,0.9833,0.8351,58.32,1240
3,10,5,5,5,10,0.5996,0.9914,0.6785,0.8350,57.47,1226
3,10,5,5,15,3,0.5830,0.9730,0.7552,0.8641,56.18,1202
3,10,6,1,15,3,0.5357,1.1178,0.7432,0.9305,50.83,1162
3,10,6,2,3,1,0.6135,0.8903,0.8057,0.8480,55.93,1229
3,10,6,3,4,5,0.6163,0.8000,0.8392,0.8196,58.57,1257
3,10,6,3,10,4,0.6065,0.8028,0.8829,0.8429,58.42,1261
3,10,6,4,3,4,0.6405,0.9112,0.6276,0.7694,60.03,1268
3,10,6,4,4,10,0.5858,0.6534,1.0311,0.8422,58.17,1228
3,10,6,5,3,10,0.6137,0.8160,0.8429,0.8294,56.68,1231
3,10,6,5,6,2,0.6546,0.7279,0.8356,0.7818,60.29,1306
3,10,6,6,7,4,0.6718,0.6719,0.8218,0.7469,63.65,1320
3,10,10,1,6,4,0.6336,0.6601,0.9624,0.8112,60.35,1265
3,10,10,2,3,1,0.6140,0.8899,0.7066,0.7982,59.24,1266
3,10,10,2,15,1,0.5768,0.6832,1.0803,0.8817,56.83,1207
3,10,10,3,15,1,0.5800,1.0374,0.6861,0.8618,53.90,1224
3,10,10,4,3,5,0.6823,0.7998,0.6307,0.7152,60.51,1309
3,10,10,5,5,2,0.6989,0.6027,0.7564,0.6795,64.50,1354
3,10,10,5,10,4,0.6874,0.5663,0.8282,0.6972,63.32,1344
3,10,10,5,15,1,0.6227,0.8195,0.7886,0.8041,59.42,1252
3,10,10,5,15,4,0.6227,0.9582,0.6569,0.8076,56.37,1256
3,10,10,6,5,10,0.6519,0.8745,0.6133,0.7439,60.19,1297
3,10,10,6,6,1,0.7340,0.5518,0.7112,0.6315,66.36,1371
3,10,10,8,3,5,0.7128,0.4999,0.8880,0.6939,63.78,1350
3,10,10,8,4,3,0.7060,0.6140,0.7342,0.6741,65.29,1373
3,10,10,8,6,1,0.7374,0.5176,0.7975,0.6576,67.41,1384
3,10,10,8,6,2,0.7330,0.5349,0.8049,0.6699,66.94,1391
3,10,15,1,4,5,0.5832,0.7105,0.9868,0.8486,55.68,1198
3,10,15,1,6,4,0.5932,0.7812,0.9346,0.8579,54.94,1209
3,10,15,1,6,5,0.5742,0.7028,1.0088,0.8558,56.82,1207
3,10,15,2,7,1,0.5940,1.0004,0.7207,0.8606,57.71,1229
3,10,15,2,15,2,0.5349,0.9180,0.9460,0.9320,53.69,1163
3,10,15,2,15,10,0.5142,0.8690,1.0363,0.9526,53.41,1129
3,10,15,3,3,5,0.5936,1.0285,0.6881,0.8583,56.90,1228
3,10,15,3,6,4,0.6060,0.7101,0.9459,0.8280,54.96,1250
3,10,15,3,7,2,0.6172,0.6466,1.0100,0.8283,58.59,1251
3,10,15,3,7,5,0.6039,0.7294,0.9567,0.8431,56.20,1248
3,10,15,4,4,1,0.6150,0.6988,0.9768,0.8378,58.26,1253
3,10,15,4,7,2,0.6169,0.8092,0.7852,0.7972,55.54,1268
3,10,15,4,10,4,0.6273,0.8885,0.6780,0.7832,57.43,1256
3,10,15,5,7,1,0.6354,0.8477,0.7097,0.7787,59.12,1279
3,10,15,5,10,1,0.6329,0.6746,0.8864,0.7805,60.81,1266
3,10,15,6,6,5,0.6498,0.7233,0.8177,0.7705,58.52,1288
3,10,15,8,4,10,0.6176,0.7475,0.8653,0.8064,57.29,1235
3,10,15,8,6,4,0.6448,0.8742,0.6936,0.7839,59.11,1300
3,10,15,8,7,3,0.6561,0.6628,0.8191,0.7410,58.47,1303
3,10,20,1,3,1,0.4622,1.0324,1.0010,1.0167,47.91,1075
3,10,20,1,5,2,0.4833,0.8040,1.1664,0.9852,49.54,1085
3,10,20,1,7,10,0.4387,0.9132,1.1414,1.0273,46.54,1061
3,10,20,1,10,2,0.4725,0.9876,1.0438,1.0157,47.85,1082
3,10,20,2,3,1,0.4735,1.0081,0.9617,0.9849,50.33,1088
3,10,20,2,4,4,0.4728,0.9320,1.1127,1.0223,48.02,1095
3,10,20,2,10,1,0.4910,1.1762,0.8212,0.9987,47.48,1093
3,10,20,2,15,3,0.4597,1.1099,0.9668,1.0383,49.04,1056
3,10,20,4,5,2,0.5037,0.8613,1.0515,0.9564,51.13,1121
3,10,20,4,5,3,0.4988,0.8028,1.1264,0.9646,52.13,1122
3,10,20,4,15,1,0.4629,1.0860,0.9268,1.0064,49.42,1073
3,10,20,5,3,1,0.5099,0.8569,1.0967,0.9768,48.47,1118
3,10,20,5,6,2,0.5256,0.7535,1.0955,0.9245,54.19,1132
3,10,20,6,15,3,0.4815,1.1869,0.8094,0.9982,48.75,1088
3,10,20,8,3,2,0.5052,0.8359,1.1432,0.9895,48.81,1130
3,10,20,8,3,4,0.5075,1.1478,0.7957,0.9717,50.57,1130
3,10,20,8,15,4,0.4813,1.0880,0.9052,0.9966,47.19,1092
3,20,3,2,15,4,0.4394,1.0428,1.0510,1.0469,47.25,1037
3,20,3,3,3,3,0.4570,1.0691,0.9680,1.0185,45.85,1081
3,20,3,3,3,5,0.4705,1.1132,0.8757,0.9945,46.96,1079
3,20,3,3,4,10,0.4513,1.1509,0.9345,1.0427,46.35,1058
3,20,4,1,4,1,0.4588,0.8809,1.1471,1.0140,49.85,1076
3,20,4,1,4,3,0.4673,0.8353,1.2327,1.0340,50.53,1079
3,20,4,1,4,10,0.4508,0.9653,1.0902,1.0277,48.23,1051
3,20,4,1,10,3,0.4573,1.2270,0.8654,1.0462,45.83,1079
3,20,4,2,5,10,0.4646,0.9616,1.0936,1.0276,46.38,1067
3,20,4,3,4,10,0.4521,0.9257,1.1671,1.0464,48.82,1075
3,20,4,3,5,2,0.4913,0.8976,1.1189,1.0083,51.73,1107
3,20,4,3,6,1,0.4847,0.8123,1.1817,0.9970,47.59,1108
3,20,4,4,3,2,0.4947,1.0948,0.8376,0.9662,49.68,1108
3,20,4,4,3,4,0.5049,0.8623,1.1170,0.9897,51.48,1108
3,20,4,4,4,1,0.4894,0.9386,1.0750,1.0068,50.16,1111
3,20,4,4,15,10,0.4309,0.9990,1.1645,1.0818,47.61,1045
3,20,5,1,4,5,0.4653,0.9520,1.0430,0.9975,45.96,1091
3,20,5,2,3,4,0.4870,1.0260,0.9468,0.9864,49.03,1101
3,20,5,2,5,2,0.4959,0.8292,1.0934,0.9613,49.54,1111
3,20,5,2,10,1,0.5000,0.9971,0.9791,0.9881,47.81,1105
3,20,5,2,15,3,0.4529,1.1360,0.9221,1.0290,45.45,1066
3,20,5,3,4,3,0.4985,1.1762,0.7801,0.9782,52.07,1120
3,20,5,4,4,5,0.4983,0.9896,1.0032,0.9964,52.58,1128
3,20,5,4,5,10,0.4762,0.8718,1.1818,1.0268,47.39,1103
3,20,5,5,6,4,0.5219,0.8094,1.1217,0.9656,51.98,1145
3,20,5,5,10,3,0.5260,0.7741,1.1452,0.9597,53.38,1139
3,20,6,1,3,4,0.4900,0.7742,1.1552,0.9647,47.52,1100
3,20,6,2,3,4,0.5140,0.9863,0.9363,0.9613,49.33,1114
3,20,6,2,3,5,0.4842,0.9182,1.0695,0.9939,51.16,1112
3,20,6,2,4,10,0.4774,0.9511,1.0424,0.9967,46.55,1090
3,20,6,2,5,5,0.5173,0.8761,1.0598,0.9680,49.56,1122
3,20,6,3,3,1,0.5183,1.0228,0.9043,0.9635,50.98,1125
3,20,6,4,3,3,0.5298,1.0747,0.8484,0.9615,53.01,1139
3,20,6,4,5,2,0.5248,0.7595,1.0807,0.9201,51.76,1149
3,20,6,4,10,10,0.4992,1.0224,0.9262,0.9743,50.86,1111
3,20,6,5,6,1,0.5303,1.0287,0.8537,0.9412,52.24,1158
3,20,6,6,5,4,0.5367,0.9815,0.9075,0.9445,51.12,1164
3,20,10,1,3,10,0.4755,0.8243,1.1753,0.9998,50.74,1092
3,20,10,2,3,1,0.5189,1.0325,0.8927,0.9626,52.63,1136
3,20,10,3,3,3,0.5251,0.8987,0.9998,0.9492,50.47,1153
3,20,10,3,4,3,0.5317,0.7529,1.0695,0.9112,53.89,1160
3,20,10,3,7,3,0.5378,1.0240,0.8768,0.9504,50.78,1168
3,20,10,4,4,4,0.5539,1.0768,0.7312,0.9040,54.88,1171
3,20,10,4,6,10,0.5081,0.9865,0.9207,0.9536,51.57,1143
3,20,10,5,6,1,0.5474,1.0032,0.7937,0.8984,54.82,1186
3,20,10,6,3,4,0.5567,0.8744,0.9082,0.8913,54.20,1181
3,20,10,6,5,2,0.5596,0.7973,0.9546,0.8760,52.66,1193
3,20,10,6,5,3,0.5574,1.0590,0.7788,0.9189,55.73,1194
3,20,15,1,4,5,0.4677,1.0231,1.0014,1.0122,49.17,1091
3,20,15,2,5,4,0.4957,1.0195,0.9497,0.9846,47.64,1111
3,20,15,2,6,1,0.4888,1.0015,0.9511,0.9763,47.10,1111
3,20,15,3,4,3,0.5150,0.9470,0.9790,0.9630,53.55,1120
3,20,15,4,4,5,0.5074,1.0351,0.9447,0.9899,50.03,1128
3,20,15,4,6,3,0.5323,0.9394,0.9725,0.9560,50.46,1137
3,20,15,4,6,5,0.5102,0.7771,1.1182,0.9476,53.01,1135
3,20,15,4,7,4,0.5311,0.8444,0.9844,0.9144,54.46,1138
3,20,15,5,4,4,0.5294,0.8933,1.0237,0.9585,51.25,1138
3,20,15,5,15,1,0.4770,1.1539,0.8540,1.0039,46.46,1092
3,20,15,5,15,5,0.4854,1.0760,0.9232,0.9996,48.71,1092
3,20,15,6,4,5,0.5366,1.0043,0.8402,0.9222,55.05,1142
3,20,15,8,4,1,0.5252,0.9269,0.9159,0.9214,52.33,1147
3,20,15,8,10,4,0.5270,0.7692,1.1393,0.9543,52.31,1150
3,20,20,2,6,5,0.4267,1.1377,0.9722,1.0550,43.50,1018
3,20,20,4,4,4,0.4405,1.0870,1.0199,1.0534,46.76,1031
3,20,20,4,6,1,0.4441,0.8848,1.1672,1.0260,44.48,1035
3,20,20,4,10,1,0.4303,1.2485,0.8904,1.0695,45.80,1030
3,20,20,4,15,3,0.4039,1.1886,1.0419,1.1152,44.54,999
3,20,20,5,15,5,0.4153,0.9979,1.2086,1.1032,43.65,1003
3,20,20,8,15,5,0.4070,1.1015,1.1118,1.1066,46.61,1010
4,2,3,1,10,4,0.4987,0.8468,1.1215,0.9841,51.46,1102
4,2,3,2,3,1,0.5126,0.9554,0.9658,0.9606,50.72,1109
4,2,3,2,4,3,0.5031,1.0608,0.9085,0.9847,48.05,1117
4,2,3,2,6,1,0.5189,0.7951,1.1158,0.9555,50.29,1121
4,2,3,2,15,4,0.4794,0.9103,1.1186,1.0144,48.28,1074
4,2,3,3,3,2,0.5243,0.8883,0.9553,0.9218,49.80,1123
4,2,3,3,4,10,0.5024,1.0923,0.9030,0.9976,52.17,1098
4,2,3,3,10,10,0.5142,0.9126,1.0161,0.9644,51.57,1098
4,2,4,1,7,2,0.5184,1.0633,0.7918,0.9276,52.31,1128
4,2,4,1,7,3,0.5354,1.0271,0.8170,0.9221,53.25,1129
4,2,4,1,7,5,0.5227,1.0688,0.8191,0.9439,54.12,1126
4,2,4,1,7,10,0.4932,1.1308,0.8041,0.9674,49.17,1097
4,2,4,3,4,1,0.5361,0.7418,1.0772,0.9095,51.90,1148
4,2,4,3,4,3,0.5320,0.7511,1.1024,0.9267,50.11,1151
4,2,4,3,4,5,0.5264,0.8553,0.9869,0.9211,50.53,1148
4,2,4,3,6,5,0.5506,0.7330,1.0403,0.8867,51.18,1155
4,2,4,3,7,1,0.5525,0.8914,0.9109,0.9012,53.43,1156
4,2,5,1,4,1,0.5297,0.8292,1.0610,0.9451,50.49,1136
4,2,5,1,7,3,0.5401,0.8527,0.9496,0.9011,53.58,1146
4,2,5,2,5,1,0.5473,1.0850,0.7322,0.9086,53.49,1156
4,2,5,2,5,4,0.5403,0.8675,0.9381,0.9028,53.85,1159
4,2,5,2,15,4,0.5102,0.8609,1.0350,0.9479,48.46,1107
4,2,5,2,15,5,0.5234,1.0728,0.8275,0.9502,50.29,1105
4,2,5,3,15,5,0.5176,0.8304,1.0614,0.9459,52.48,1117
4,2,5,4,3,2,0.5663,0.7220,1.0632,0.8926,56.02,1174
4,2,5,4,4,5,0.5752,0.9289,0.8728,0.9008,54.02,1179
4,2,5,4,6,1,0.5771,1.0309,0.7183,0.8746,52.73,1187
4,2,5,5,15,3,0.5500,1.0968,0.7324,0.9146,55.60,1139
4,2,5,5,15,5,0.5412,0.7965,1.0796,0.9380,51.44,1136
4,2,6,1,7,4,0.5678,0.7182,1.0445,0.8814,53.63,1161
4,2,6,3,7,10,0.5527,1.0983,0.7613,0.9298,53.27,1156
4,2,6,3,15,1,0.5252,1.0044,0.9275,0.9659,54.16,1131
4,2,6,4,5,1,0.5990,0.7984,0.8596,0.8290,57.95,1201
4,2,6,4,6,2,0.5853,0.8159,0.9012,0.8586,57.08,1207
4,2,6,6,3,5,0.6035,0.9697,0.7235,0.8466,54.77,1206
4,2,6,6,5,3,0.6078,0.7815,0.8820,0.8318,54.71,1223
4,2,6,6,5,10,0.5697,0.9067,0.8424,0.8746,53.84,1181
4,2,10,1,3,3,0.5559,0.8923,0.8820,0.8871,55.54,1174
4,2,10,2,4,5,0.5796,0.7483,0.9455,0.8469,56.76,1196
4,2,10,3,5,3,0.5935,0.7030,0.9686,0.8358,57.18,1223
4,2,10,4,4,5,0.6236,0.9661,0.6570,0.8116,57.11,1228
4,2,10,4,5,5,0.6019,0.8083,0.8335,0.8209,55.70,1234
4,2,10,5,4,5,0.6242,0.7203,0.9241,0.8222,55.81,1240
4,2,10,5,4,10,0.5814,1.0237,0.7114,0.8676,56.20,1198
4,2,10,5,5,10,0.5957,0.8252,0.8725,0.8489,55.16,1204
4,2,10,5,15,10,0.5475,0.8038,0.9825,0.8932,51.06,1144
4,2,10,6,4,10,0.5991,1.0438,0.6804,0.8621,55.60,1206
4,2,10,6,5,1,0.6457,0.9150,0.5978,0.7564,59.09,1255
4,2,10,6,5,4,0.6332,0.7897,0.8223,0.8060,60.13,1258
4,2,10,6,6,5,0.6506,0.9596,0.5855,0.7725,60.31,1259
4,2,10,6,6,10,0.5915,0.7964,0.9364,0.8664,57.55,1215
4,2,10,6,15,3,0.5743,0.9700,0.8127,0.8914,56.90,1189
4,2,10,8,10,2,0.6471,0.6559,0.9174,0.7866,58.71,1259
4,2,10,8,15,3,0.5677,0.7590,0.9870,0.8730,56.76,1195
4,2,15,1,6,10,0.5131,0.7748,1.1531,0.9640,51.22,1112
4,2,15,3,6,1,0.5819,1.0521,0.6596,0.8559,54.58,1174
4,2,15,4,15,4,0.5264,0.8240,1.0229,0.9234,52.35,1130
4,2,15,5,5,4,0.5826,0.8757,0.8998,0.8877,53.31,1196
4,2,15,5,7,2,0.6047,0.8851,0.8312,0.8582,57.65,1201
4,2,15,6,3,5,0.5604,0.9564,0.8662,0.9113,56.21,1189
4,2,15,6,10,10,0.5562,0.8272,0.9288,0.8780,52.97,1160
4,2,15,6,15,10,0.5123,0.9781,0.9776,0.9778,51.56,1112
4,2,15,8,7,1,0.6030,1.0030,0.6426,0.8228,59.18,1212
4,2,15,8,7,4,0.5974,0.7137,1.0097,0.8617,58.26,1215
4,2,15,8,7,10,0.5765,0.9321,0.7835,0.8578,56.24,1174
4,2,15,8,10,3,0.5869,0.9257,0.7495,0.8376,56.43,1206
4,2,20,1,4,2,0.4516,0.9771,1.0967,1.0369,46.82,1037
4,2,20,1,6,1,0.4405,1.1979,0.8891,1.0435,48.43,1041
4,2,20,2,5,3,0.4709,1.1240,0.8983,1.0111,46.81,1053
4,2,20,3,3,4,0.4766,1.0785,0.9476,1.0130,50.95,1055
4,2,20,3,3,10,0.4449,1.1445,0.9549,1.0497,48.29,1030
4,2,20,3,4,3,0.4568,0.8623,1.2156,1.0390,47.14,1060
4,2,20,4,6,2,0.4711,1.0377,1.0318,1.0348,47.91,1074
4,2,20,4,6,5,0.4757,0.9739,1.0624,1.0182,48.53,1072
4,2,20,4,6,10,0.4530,1.0139,1.0561,1.0350,49.74,1047
4,2,20,4,7,5,0.4863,1.0751,0.8639,0.9695,48.59,1073
4,2,20,5,6,3,0.4727,0.8525,1.1854,1.0189,49.79,1082
4,2,20,6,5,4,0.4810,0.8904,1.1179,1.0042,49.69,1084
4,2,20,6,10,3,0.4901,0.9544,1.0467,1.0005,47.28,1081
4,2,20,6,10,4,0.4889,1.1365,0.8550,0.9958,51.37,1080
4,2,20,8,3,3,0.4910,0.8551,1.1654,1.0102,49.61,1080
4,2,20,8,6,1,0.5015,0.9287,1.0235,0.9761,48.03,1089
4,2,20,8,10,10,0.4629,0.9433,1.0731,1.0082,46.16,1057
4,3,3,1,4,2,0.5179,0.9175,0.9967,0.9571,53.75,1116
4,3,3,1,6,5,0.5253,0.7615,1.0996,0.9306,50.14,1121
4,3,3,1,6,10,0.4990,1.1156,0.8699,0.9927,50.29,1092
4,3,3,2,4,1,0.5396,0.7419,1.0599,0.9009,53.83,1130
4,3,3,3,4,4,0.5469,0.8159,0.9635,0.8897,51.37,1145
4,3,3,3,5,2,0.5348,0.7998,1.0300,0.9149,50.94,1150
4,3,4,1,4,1,0.5359,0.8343,1.0345,0.9344,50.31,1134
4,3,4,2,5,4,0.5613,0.7119,1.1106,0.9112,53.46,1157
4,3,4,2,7,2,0.5513,1.0778,0.7150,0.8964,52.74,1161
4,3,4,2,10,1,0.5546,1.0597,0.7704,0.9151,52.02,1150
4,3,4,2,15,1,0.5072,0.8042,1.1189,0.9616,52.46,1104
4,3,4,3,4,2,0.5565,1.0638,0.7641,0.9139,53.37,1167
4,3,4,3,7,4,0.5755,1.0247,0.7146,0.8697,54.09,1176
4,3,4,3,10,1,0.5670,0.9664,0.7888,0.8776,54.17,1165
4,3,4,3,10,5,0.5734,1.0428,0.7018,0.8723,55.87,1165
4,3,4,3,15,1,0.5229,0.8559,1.0855,0.9707,49.89,1116
4,3,4,4,3,5,0.5499,0.8595,0.9469,0.9032,55.04,1170
4,3,4,4,15,2,0.5344,0.8861,1.0009,0.9435,50.29,1129
4,3,4,4,15,3,0.5266,0.8974,0.9908,0.9441,52.63,1129
4,3,5,1,10,1,0.5444,1.0142,0.8649,0.9396,54.81,1152
4,3,5,2,6,10,0.5413,0.7916,1.0821,0.9368,52.11,1143
4,3,5,2,7,5,0.5677,1.0591,0.7079,0.8835,52.97,1178
4,3,5,3,7,1,0.5845,0.9319,0.8046,0.8683,54.35,1193
4,3,5,3,7,5,0.5852,0.8139,0.9313,0.8726,55.89,1193
4,3,5,4,15,1,0.5422,0.7043,1.0930,0.8986,53.21,1144
4,3,5,5,4,5,0.5892,0.7390,0.9695,0.8542,54.90,1208
4,3,5,5,5,1,0.5960,0.9673,0.7749,0.8711,55.07,1214
4,3,5,5,15,5,0.5490,0.9280,0.9059,0.9170,52.21,1153
4,3,6,1,6,10,0.5536,0.7704,1.0627,0.9165,54.93,1141
4,3,6,1,7,5,0.5729,0.9982,0.7193,0.8588,53.59,1176
4,3,6,1,10,3,0.5740,0.8010,0.9458,0.8734,53.38,1170
4,3,6,3,4,4,0.5916,0.7504,0.9898,0.8701,58.20,1204
4,3,6,3,5,2,0.6050,0.8566,0.7681,0.8124,55.80,1209
4,3,6,3,5,3,0.5994,0.9104,0.8113,0.8608,54.50,1210
4,3,6,3,6,1,0.6082,0.6354,1.0298,0.8326,54.77,1210
4,3,6,3,10,3,0.5872,0.7079,0.9696,0.8387,57.03,1205
4,3,6,4,4,5,0.6138,0.9317,0.7477,0.8397,57.52,1215
4,3,6,4,5,4,0.6216,0.9076,0.7077,0.8076,59.74,1224
4,3,6,4,6,3,0.6002,0.8851,0.8323,0.8587,58.55,1228
4,3,6,5,3,3,0.5992,1.0019,0.7104,0.8562,54.51,1222
4,3,6,5,3,5,0.6085,0.7803,0.8815,0.8309,57.95,1218
4,3,6,5,4,10,0.5674,0.8485,0.8880,0.8682,52.88,1187
4,3,6,5,15,2,0.5491,0.7169,1.1141,0.9155,52.90,1170
4,3,6,6,3,1,0.6130,0.7219,0.9387,0.8303,59.75,1227
4,3,6,6,3,3,0.6185,0.8459,0.8009,0.8234,58.56,1230
4,3,6,6,3,4,0.6173,0.9516,0.6362,0.7939,57.64,1229
4,3,6,6,4,1,0.6109,0.8735,0.8283,0.8509,59.01,1235
4,3,6,6,5,2,0.6177,0.6729,0.9264,0.7996,57.98,1244
4,3,6,6,5,5,0.6420,0.6703,0.8923,0.7813,58.37,1241
4,3,10,1,3,5,0.5825,0.8620,0.8891,0.8755,56.56,1189
4,3,10,1,5,1,0.5779,0.7273,1.0243,0.8758,52.94,1201
4,3,10,1,6,3,0.6062,0.8698,0.8135,0.8416,57.07,1208
4,3,10,1,10,3,0.5838,0.8187,0.8839,0.8513,58.11,1199
4,3,10,2,3,2,0.6077,0.6487,1.0106,0.8297,57.32,1211
4,3,10,2,5,2,0.6167,0.8115,0.8226,0.8170,59.78,1225
4,3,10,2,6,2,0.6329,0.6573,0.9497,0.8035,57.37,1228
4,3,10,3,5,3,0.6419,0.6313,0.9239,0.7776,60.24,1245
4,3,10,3,7,1,0.6195,0.8952,0.7661,0.8307,56.46,1246
4,3,10,4,4,10,0.5990,0.8263,0.8915,0.8589,58.84,1207
4,3,10,4,5,3,0.6367,0.9716,0.6303,0.8009,60.68,1261
4,3,10,5,10,10,0.6017,0.8590,0.7898,0.8244,55.11,1218
4,3,10,6,4,10,0.5956,0.6547,1.0127,0.8337,58.59,1226
4,3,10,6,10,3,0.6575,0.9054,0.6334,0.7694,58.12,1278
4,3,10,8,5,1,0.6779,0.8216,0.6776,0.7496,61.34,1289
4,3,10,8,5,5,0.6795,0.7716,0.7055,0.7386,61.85,1289
4,3,10,8,6,3,0.6793,0.7114,0.7548,0.7331,59.66,1298
4,3,10,8,6,10,0.6210,0.9329,0.6633,0.7981,59.83,1243
4,3,15,1,5,10,0.5253,1.0689,0.8592,0.9641,50.51,1124
4,3,15,1,7,2,0.5444,0.9617,0.8741,0.9179,50.75,1162
4,3,15,1,7,3,0.5561,0.8071,1.0123,0.9097,55.23,1163
4,3,15,2,4,1,0.5662,0.8147,0.9417,0.8782,52.05,1169
4,3,15,2,7,1,0.5746,0.9694,0.7625,0.8660,53.38,1178
4,3,15,3,6,3,0.5853,1.0669,0.6874,0.8772,55.19,1196
4,3,15,4,4,1,0.5678,1.0319,0.7459,0.8889,55.89,1197
4,3,15,4,6,2,0.5912,0.7632,0.9189,0.8411,54.78,1209
4,3,15,5,3,4,0.5881,1.0044,0.6685,0.8365,55.61,1203
4,3,15,5,4,5,0.5960,0.9934,0.6981,0.8458,55.72,1208
4,3,15,5,7,10,0.5672,1.0120,0.7210,0.8665,54.75,1179
4,3,15,5,10,1,0.5891,0.9685,0.7713,0.8699,53.85,1208
4,3,15,5,10,2,0.6001,0.9964,0.6966,0.8465,58.48,1211
4,3,15,6,5,1,0.6044,0.9592,0.6656,0.8124,59.07,1222
4,3,15,6,10,2,0.6044,0.7915,0.8473,0.8194,56.44,1219
4,3,15,8,6,5,0.6136,0.7223,0.9162,0.8192,59.36,1232
4,3,20,1,3,10,0.4435,1.1477,0.9217,1.0347,44.42,1020
4,3,20,1,6,1,0.4667,0.8242,1.1937,1.0090,49.73,1053
4,3,20,1,6,10,0.4363,0.9798,1.1568,1.0683,45.31,1029
4,3,20,1,7,10,0.4534,1.1026,0.9163,1.0095,49.46,1030
4,3,20,2,5,10,0.4569,0.9372,1.1666,1.0519,49.90,1039
4,3,20,2,7,1,0.4818,1.1195,0.8783,0.9989,51.21,1066
4,3,20,2,7,3,0.4903,0.8120,1.1558,0.9839,49.80,1068
4,3,20,2,7,10,0.4564,0.8809,1.1933,1.0371,45.25,1042
4,3,20,2,10,1,0.4791,1.0181,0.9607,0.9894,50.71,1060
4,3,20,2,15,10,0.4219,0.9170,1.2214,1.0692,47.21,1002
4,3,20,3,5,2,0.4706,0.8466,1.2151,1.0308,48.65,1076
4,3,20,3,10,3,0.4921,0.9365,1.0737,1.0051,48.70,1073
4,3,20,4,3,5,0.4762,0.7994,1.1628,0.9811,48.75,1074
4,3,20,4,4,10,0.4685,0.9423,1.1186,1.0305,49.01,1054
4,3,20,4,10,2,0.4909,0.9894,0.9470,0.9682,48.25,1081
4,3,20,4,10,3,0.4775,0.8098,1.1978,1.0038,46.45,1082
4,3,20,5,10,3,0.4773,0.8502,1.1193,0.9847,48.95,1089
4,3,20,5,10,10,0.4834,0.8347,1.1330,0.9838,48.34,1061
4,3,20,6,10,4,0.4934,0.7977,1.1221,0.9599,50.29,1094
4,3,20,8,3,4,0.5001,1.1474,0.8092,0.9783,50.71,1093
4,3,20,8,7,5,0.5037,1.0030,0.8921,0.9475,51.90,1103
4,5,3,1,10,1,0.5211,1.1206,0.8257,0.9732,54.00,1139
4,5,3,2,15,4,0.5133,0.8157,1.1239,0.9698,49.33,1110
4,5,3,3,3,2,0.5659,0.8416,0.9172,0.8794,55.14,1165
4,5,3,3,5,3,0.5770,0.8283,0.9621,0.8952,57.42,1178
4,5,3,3,5,5,0.5553,0.9607,0.8308,0.8958,55.17,1175
4,5,4,1,15,4,0.5015,0.8304,1.1544,0.9924,48.67,1114
4,5,4,2,3,2,0.5615,1.0559,0.7065,0.8812,54.45,1173
4,5,4,2,6,1,0.5747,0.9274,0.8674,0.8974,54.99,1186
4,5,4,2,6,3,0.5902,0.9366,0.7295,0.8330,54.12,1189
4,5,4,2,6,10,0.5298,1.0138,0.8406,0.9272,53.33,1151
4,5,4,2,7,3,0.5860,0.6946,1.0571,0.8758,55.39,1190
4,5,4,3,5,4,0.6043,0.7312,0.9893,0.8603,59.21,1201
4,5,4,4,4,1,0.5963,0.7341,0.9149,0.8245,58.28,1207
4,5,4,4,5,10,0.5624,0.8600,0.9376,0.8988,55.53,1175
4,5,5,1,3,1,0.5605,0.9153,0.9174,0.9164,52.25,1172
4,5,5,1,7,3,0.5733,0.8077,0.9509,0.8793,53.49,1192
4,5,5,1,15,5,0.5281,0.8789,0.9815,0.9302,51.04,1129
4,5,5,2,7,1,0.5980,0.7208,0.9666,0.8437,55.07,1208
4,5,5,4,15,1,0.5808,0.9906,0.7302,0.8604,57.87,1171
4,5,5,4,15,4,0.5651,0.9831,0.8169,0.9000,55.88,1173
4,5,5,5,4,2,0.6298,0.9935,0.6168,0.8051,57.72,1245
4,5,5,5,5,10,0.5789,0.7641,0.9641,0.8641,56.94,1206
4,5,5,5,6,4,0.6367,0.7239,0.8663,0.7951,59.60,1256
4,5,5,5,10,1,0.6088,0.7329,0.8845,0.8087,56.13,1242
4,5,5,5,10,4,0.6321,0.6831,0.9212,0.8022,56.44,1245
4,5,6,1,3,1,0.5903,1.0241,0.6618,0.8430,57.83,1189
4,5,6,1,5,4,0.5914,0.7439,0.9780,0.8609,58.33,1204
4,5,6,1,6,3,0.5944,0.9885,0.7326,0.8606,57.75,1208
4,5,6,1,7,1,0.6104,0.6935,0.9163,0.8049,57.66,1206
4,5,6,2,4,1,0.6154,0.8788,0.7719,0.8254,56.66,1216
4,5,6,2,5,3,0.6180,0.7120,0.9486,0.8303,56.87,1226
4,5,6,2,5,4,0.6236,1.0085,0.6143,0.8114,58.21,1225
4,5,6,2,5,5,0.5941,0.9021,0.8039,0.8530,58.74,1222
4,5,6,3,4,1,0.6096,0.6668,1.0251,0.8459,59.40,1234
4,5,6,3,5,3,0.6427,0.6389,0.9432,0.7910,61.32,1245
4,5,6,3,6,4,0.6434,0.7941,0.7505,0.7723,61.76,1247
4,5,6,4,7,4,0.6579,0.9060,0.6436,0.7748,62.99,1266
4,5,6,5,5,5,0.6432,0.7944,0.7671,0.7807,60.61,1270
4,5,10,1,3,5,0.6012,0.7336,0.9892,0.8614,59.19,1220
4,5,10,1,6,1,0.6298,0.8415,0.7200,0.7808,56.32,1238
4,5,10,3,3,2,0.6503,0.6751,0.8506,0.7628,61.27,1266
4,5,10,4,4,4,0.6544,0.6568,0.8370,0.7469,61.08,1295
4,5,10,4,5,5,0.6880,0.8082,0.5917,0.6999,60.29,1299
4,5,10,5,5,5,0.6915,0.7739,0.6860,0.7299,61.41,1315
4,5,10,5,6,10,0.6497,0.5803,0.9191,0.7497,58.37,1264
4,5,10,6,5,3,0.7003,0.5590,0.8142,0.6866,63.18,1333
4,5,10,6,10,4,0.6982,0.8807,0.5669,0.7238,63.46,1323
4,5,10,6,15,1,0.6225,0.9744,0.6587,0.8165,57.94,1238
4,5,10,8,6,4,0.7273,0.6513,0.6728,0.6621,66.70,1349
4,5,10,8,6,10,0.6591,0.6822,0.8748,0.7785,61.05,1282
4,5,15,1,3,1,0.5634,0.8910,0.9198,0.9054,52.83,1172
4,5,15,1,3,3,0.5580,0.7702,1.0387,0.9045,55.29,1175
4,5,15,2,6,5,0.6031,0.9047,0.7585,0.8316,57.57,1207
4,5,15,3,4,5,0.6054,0.7181,0.9357,0.8269,55.70,1215
4,5,15,3,10,2,0.6038,0.7747,0.9323,0.8535,54.71,1218
4,5,15,4,4,5,0.6282,0.8501,0.7219,0.7860,57.00,1230
4,5,15,5,6,2,0.6290,0.6914,0.8711,0.7812,60.67,1256
4,5,15,5,6,4,0.6410,0.6580,0.9476,0.8028,60.19,1256
4,5,15,5,6,10,0.6071,0.9973,0.6435,0.8204,56.15,1209
4,5,15,6,3,10,0.5952,0.8838,0.8588,0.8713,54.43,1200
4,5,15,8,5,10,0.6077,0.9209,0.7117,0.8163,57.84,1220
4,5,15,8,7,10,0.6054,0.7715,0.9118,0.8417,58.87,1224
4,5,20,2,3,2,0.4844,0.8119,1.1923,1.0021,50.52,1077
4,5,20,2,3,10,0.4585,0.8764,1.2097,1.0431,45.36,1050
4,5,20,2,4,2,0.4985,0.8302,1.0994,0.9648,52.26,1082
4,5,20,2,7,4,0.4893,1.1067,0.9199,1.0133,48.12,1088
4,5,20,2,15,10,0.4345,1.1110,1.0359,1.0734,45.49,1019
4,5,20,3,6,4,0.5010,0.7945,1.1866,0.9906,50.89,1099
4,5,20,3,6,5,0.5001,0.8451,1.0805,0.9628,49.25,1097
4,5,20,4,3,10,0.4597,1.0354,1.0650,1.0502,49.60,1069
4,5,20,4,4,3,0.5041,0.8743,1.0253,0.9498,52.05,1104
4,5,20,4,5,2,0.5035,0.9188,1.0704,0.9946,49.28,1107
4,5,20,5,5,4,0.4974,0.9909,0.9574,0.9741,49.47,1115
4,5,20,5,6,4,0.5271,0.7436,1.0938,0.9187,49.74,1117
4,5,20,5,15,2,0.4686,1.1347,0.8542,0.9944,47.81,1069
4,5,20,6,6,4,0.5054,1.1752,0.8094,0.9923,48.16,1123
4,5,20,6,10,2,0.5326,1.0563,0.7690,0.9127,51.70,1116
4,5,20,6,15,3,0.4838,0.9541,0.9898,0.9720,47.18,1075
4,5,20,8,3,5,0.5125,1.1596,0.8040,0.9818,48.99,1113
4,5,20,8,5,1,0.5192,1.1009,0.8340,0.9675,52.38,1123
4,10,3,1,4,4,0.5517,0.7480,1.0788,0.9134,54.27,1169
4,10,3,1,4,5,0.5619,0.7112,1.0711,0.8911,56.63,1166
4,10,3,2,7,4,0.5856,0.9251,0.8074,0.8663,55.22,1196
4,10,3,2,10,1,0.5734,0.6640,1.0615,0.8627,56.94,1184
4,10,3,2,15,3,0.5415,0.8145,1.0788,0.9467,53.96,1136
4,10,3,3,4,1,0.5774,0.8721,0.8354,0.8538,55.36,1201
4,10,4,1,4,1,0.5939,0.9375,0.7935,0.8655,57.01,1190
4,10,4,1,4,10,0.5549,0.8287,1.0165,0.9226,53.46,1154
4,10,4,1,6,4,0.5844,0.7185,1.0043,0.8614,56.23,1201
4,10,4,1,7,1,0.5953,0.9370,0.7440,0.8405,55.82,1199
4,10,4,1,7,2,0.5875,0.9883,0.7100,0.8491,58.26,1202
4,10,4,2,3,5,0.5838,0.8587,0.8320,0.8454,53.12,1202
4,10,4,2,4,2,0.6025,0.9201,0.7581,0.8391,54.84,1212
4,10,4,2,5,4,0.6005,0.6778,1.0333,0.8555,58.54,1218
4,10,4,2,10,5,0.6074,0.9888,0.7213,0.8550,57.76,1209
4,10,4,3,3,1,0.6064,0.8652,0.8223,0.8437,55.65,1219
4,10,4,3,5,2,0.6097,0.7390,0.8736,0.8063,57.98,1236
4,10,4,3,7,4,0.6376,0.6449,0.9453,0.7951,60.28,1241
4,10,4,4,4,2,0.6393,0.8585,0.6792,0.7688,58.90,1246
4,10,5,1,3,3,0.5904,0.7539,0.9965,0.8752,54.11,1207
4,10,5,2,15,1,0.5790,0.9663,0.7552,0.8608,53.24,1172
4,10,5,2,15,2,0.5642,1.0882,0.6997,0.8939,56.64,1175
4,10,5,3,5,2,0.6423,0.8533,0.6939,0.7736,59.90,1262
4,10,5,3,6,10,0.5946,0.9060,0.7739,0.8400,58.02,1217
4,10,5,3,15,1,0.5805,1.0214,0.7015,0.8614,56.44,1188
4,10,5,4,4,5,0.6435,0.8304,0.7615,0.7960,59.98,1269
4,10,5,4,10,3,0.6639,0.6540,0.8285,0.7412,62.49,1273
4,10,5,5,5,10,0.6223,0.7685,0.8043,0.7864,57.80,1241
4,10,5,5,7,4,0.6748,0.5673,0.9038,0.7356,62.08,1301
4,10,6,1,4,4,0.6281,0.6263,1.0244,0.8253,56.43,1233
4,10,6,2,5,3,0.6445,0.6655,0.8543,0.7599,60.44,1264
4,10,6,2,15,4,0.5928,0.9646,0.7836,0.8741,58.29,1191
4,10,6,2,15,10,0.5489,0.7719,1.0031,0.8875,53.69,1154
4,10,6,3,10,2,0.6536,0.9369,0.5583,0.7476,62.29,1277
4,10,6,4,7,1,0.6768,0.7984,0.6636,0.7310,63.97,1307
4,10,6,5,4,3,0.6711,0.8173,0.7087,0.7630,63.26,1314
4,10,6,6,5,2,0.7188,0.5328,0.7865,0.6596,67.02,1334
4,10,6,6,7,4,0.7138,0.8175,0.5396,0.6785,66.75,1342
4,10,10,1,4,4,0.6447,0.9851,0.6121,0.7986,57.98,1271
4,10,10,1,10,5,0.6493,0.6031,0.9200,0.7616,58.64,1267
4,10,10,2,3,1,0.6547,0.5950,0.9398,0.7674,59.41,1283
4,10,10,2,3,4,0.6739,0.6888,0.8279,0.7583,63.16,1287
4,10,10,2,4,3,0.6769,0.8865,0.5595,0.7230,61.59,1299
4,10,10,2,5,2,0.6670,0.6364,0.8491,0.7428,60.15,1306
4,10,10,2,7,1,0.6696,0.8450,0.6399,0.7424,60.15,1309
4,10,10,2,7,10,0.6414,0.6945,0.9157,0.8051,59.40,1255
4,10,10,3,6,1,0.7203,0.6522,0.7133,0.6828,64.06,1334
4,10,10,4,4,3,0.7192,0.5900,0.7073,0.6486,66.25,1350
4,10,10,4,5,10,0.6819,0.5884,0.8883,0.7383,64.59,1289
4,10,10,5,3,3,0.7184,0.7908,0.5260,0.6584,62.80,1356
4,10,10,5,7,10,0.6772,0.7493,0.7289,0.7391,60.65,1312
4,10,10,6,3,4,0.7427,0.7155,0.5582,0.6368,68.67,1369
4,10,10,6,5,10,0.6747,0.8594,0.5955,0.7274,60.00,1317
4,10,10,8,10,3,0.7522,0.4606,0.8148,0.6377,65.02,1404
4,10,15,1,5,5,0.6003,0.8401,0.8597,0.8499,57.49,1217
4,10,15,1,6,2,0.6203,0.9216,0.7548,0.8382,60.34,1223
4,10,15,2,3,2,0.6164,0.6586,1.0143,0.8365,58.23,1227
4,10,15,2,4,1,0.6166,0.9227,0.7119,0.8173,59.58,1232
4,10,15,2,7,5,0.6174,0.7552,0.8644,0.8098,55.88,1244
4,10,15,3,10,2,0.6549,0.6243,0.8629,0.7436,57.91,1255
4,10,15,3,15,2,0.5797,0.9585,0.8269,0.8927,57.72,1191
4,10,15,6,5,1,0.6929,0.8743,0.5740,0.7242,62.50,1302
4,10,15,6,7,1,0.6779,0.5592,0.8807,0.7200,61.64,1308
4,10,15,6,10,5,0.6689,0.6909,0.7549,0.7229,62.86,1294
4,10,15,8,6,2,0.6930,0.6442,0.7368,0.6905,62.16,1320
4,10,15,8,7,1,0.7053,0.7765,0.5972,0.6868,65.04,1318
4,10,15,8,10,5,0.6793,0.8562,0.5907,0.7234,64.20,1303
4,10,20,1,3,1,0.4866,1.1519,0.8543,1.0031,50.58,1083
4,10,20,2,3,5,0.4933,0.9974,0.9714,0.9844,49.33,1097
4,10,20,3,7,2,0.5230,0.8695,1.0486,0.9590,51.41,1124
4,10,20,4,3,5,0.5227,0.9284,0.9314,0.9299,51.40,1119
4,10,20,4,10,2,0.5263,0.8176,1.0958,0.9567,53.73,1127
4,10,20,4,10,10,0.5001,1.0245,0.9054,0.9650,49.78,1096
4,10,20,5,15,2,0.5020,0.8895,1.0969,0.9932,51.88,1091
4,10,20,6,5,5,0.5348,1.0607,0.8270,0.9438,50.04,1144
4,10,20,6,15,3,0.4994,0.8486,1.0593,0.9539,50.75,1097
4,10,20,8,5,4,0.5366,1.1229,0.7542,0.9386,51.95,1151
4,20,3,1,3,4,0.4639,1.1309,0.8830,1.0070,47.39,1065
4,20,3,1,4,1,0.4681,1.1384,0.9037,1.0210,47.80,1068
4,20,3,1,7,3,0.4944,1.0638,0.8869,0.9753,50.27,1077
4,20,3,1,10,10,0.4681,0.8894,1.1492,1.0193,49.66,1044
4,20,3,1,15,10,0.4200,0.9355,1.2327,1.0841,45.45,1010
4,20,3,2,10,10,0.4694,0.9143,1.1213,1.0178,47.88,1056
4,20,3,3,4,5,0.5041,0.8477,1.0817,0.9647,49.30,1093
4,20,3,3,4,10,0.4647,0.8908,1.1355,1.0131,50.41,1066
4,20,3,3,10,3,0.4937,1.0434,0.8967,0.9701,47.85,1095
4,20,3,3,10,10,0.4753,1.0124,0.9817,0.9970,47.16,1066
4,20,4,1,3,2,0.4794,1.0392,1.0031,1.0212,49.29,1082
4,20,4,1,10,1,0.4809,0.8827,1.1513,1.0170,50.06,1085
4,20,4,1,10,10,0.4830,0.8649,1.0915,0.9782,51.47,1059
4,20,4,2,4,10,0.4754,0.8252,1.1730,0.9991,48.39,1072
4,20,4,2,7,5,0.5113,0.9621,0.9135,0.9378,50.44,1106
4,20,4,2,15,5,0.4666,0.8544,1.1802,1.0173,50.59,1059
4,20,4,3,4,2,0.5029,0.8335,1.0754,0.9544,50.96,1113
4,20,4,4,7,5,0.5209,0.9918,0.9240,0.9579,50.97,1129
4,20,5,1,3,3,0.5128,0.9034,0.9671,0.9352,51.14,1097
4,20,5,1,6,1,0.5108,0.9656,0.9133,0.9395,49.91,1106
4,20,5,1,15,1,0.4594,0.9406,1.0758,1.0082,48.80,1060
4,20,5,2,3,10,0.4737,0.8357,1.2218,1.0287,46.55,1081
4,20,5,2,4,5,0.5238,1.1103,0.7828,0.9465,50.68,1115
4,20,5,3,3,1,0.5106,1.0396,0.8789,0.9592,50.85,1121
4,20,5,3,15,1,0.4953,1.1509,0.7716,0.9613,49.38,1084
4,20,5,5,3,1,0.5546,0.9187,0.8707,0.8947,52.02,1141
4,20,6,2,4,3,0.5229,1.1140,0.8263,0.9702,52.24,1131
4,20,6,2,7,10,0.5177,0.8382,1.0266,0.9324,49.43,1106
4,20,6,3,5,3,0.5468,0.7686,1.1014,0.9350,52.89,1149
4,20,6,3,6,3,0.5574,1.0189,0.7605,0.8897,54.31,1151
4,20,6,4,3,3,0.5463,0.8704,0.9213,0.8959,55.07,1149
4,20,6,4,4,1,0.5469,0.7556,1.0874,0.9215,54.63,1153
4,20,6,5,5,4,0.5713,0.9695,0.8080,0.8888,52.86,1169
4,20,6,5,7,10,0.5245,1.0294,0.8251,0.9273,49.89,1137
4,20,6,5,15,5,0.5081,0.8089,1.1607,0.9848,50.48,1114
4,20,6,6,3,1,0.5471,1.1188,0.7425,0.9306,55.25,1162
4,20,6,6,4,1,0.5551,0.9388,0.8633,0.9011,51.64,1169
4,20,6,6,4,3,0.5587,0.7010,1.0542,0.8776,52.86,1172
4,20,6,6,5,3,0.5684,0.9750,0.7580,0.8665,56.99,1177
4,20,6,6,7,10,0.5469,0.9471,0.8948,0.9210,54.71,1143
4,20,10,2,3,2,0.5341,1.0016,0.8259,0.9137,51.89,1149
4,20,10,2,5,3,0.5577,0.8989,0.8910,0.8950,55.30,1161
4,20,10,2,15,5,0.5064,1.0637,0.8608,0.9623,52.78,1107
4,20,10,3,7,5,0.5656,0.9792,0.7552,0.8672,52.57,1177
4,20,10,4,3,4,0.5717,0.7195,1.0472,0.8833,55.73,1176
4,20,10,4,7,5,0.5734,0.9827,0.8191,0.9009,52.78,1190
4,20,10,4,10,3,0.5571,0.7743,1.0187,0.8965,55.04,1184
4,20,10,5,3,4,0.5620,1.0805,0.6844,0.8825,56.57,1186
4,20,10,5,10,5,0.5691,0.9535,0.8450,0.8992,53.82,1191
4,20,10,8,3,2,0.5897,0.8211,0.9296,0.8753,55.88,1199
4,20,10,8,5,4,0.6008,0.6655,1.0466,0.8560,55.36,1212
4,20,10,8,10,3,0.5910,0.8689,0.8821,0.8755,56.71,1208
4,20,10,8,15,5,0.5487,0.7742,1.0520,0.9131,55.54,1149
4,20,15,1,3,1,0.5026,0.8444,1.0743,0.9593,52.82,1095
4,20,15,1,4,2,0.5196,0.8508,1.0220,0.9364,52.54,1102
4,20,15,1,4,3,0.4962,1.0571,0.9266,0.9918,48.46,1103
4,20,15,2,5,3,0.5071,0.7539,1.1444,0.9491,51.25,1121
4,20,15,2,7,1,0.5360,0.8144,1.0332,0.9238,53.88,1122
4,20,15,2,10,2,0.5032,0.9279,1.0450,0.9865,52.15,1117
4,20,15,3,3,2,0.5356,1.1003,0.7534,0.9268,54.08,1123
4,20,15,3,10,2,0.5249,1.0464,0.8437,0.9450,49.45,1129
4,20,15,3,15,3,0.4992,0.9357,0.9805,0.9581,52.56,1086
4,20,15,4,3,3,0.5159,0.9688,0.8933,0.9310,51.96,1135
4,20,15,4,15,2,0.4896,0.8342,1.1816,1.0079,48.79,1095
4,20,15,5,4,10,0.5147,0.8693,1.0205,0.9449,50.72,1116
4,20,15,5,6,10,0.5221,0.8836,1.0106,0.9471,51.05,1123
4,20,15,5,7,10,0.5324,0.9601,0.9135,0.9368,53.55,1123
4,20,15,6,15,4,0.5072,0.8598,1.0713,0.9656,48.96,1108
4,20,15,8,7,4,0.5636,0.9806,0.8285,0.9045,52.68,1169
4,20,20,1,10,2,0.4254,0.9193,1.2204,1.0698,47.27,1011
4,20,20,2,4,4,0.4334,0.9826,1.1236,1.0531,47.30,1022
4,20,20,5,3,2,0.4466,0.9905,1.0672,1.0289,48.29,1041
4,20,20,6,4,3,0.4642,0.9879,1.0571,1.0225,47.33,1051
4,20,20,6,5,4,0.4727,0.9003,1.0972,0.9988,50.79,1053
4,20,20,6,10,5,0.4643,0.8887,1.1249,1.0068,49.40,1049
4,20,20,8,6,4,0.4745,1.0358,0.9449,0.9903,49.87,1059
4,20,20,8,7,3,0.4720,1.0429,0.9948,1.0188,47.20,1061
4,20,20,8,10,10,0.4385,1.1759,0.8877,1.0318,46.63,1029
5,2,3,1,3,3,0.5129,1.1364,0.8237,0.9800,53.13,1103
5,2,3,1,3,10,0.4813,1.1109,0.8855,0.9982,50.00,1073
5,2,3,2,5,5,0.5452,1.0436,0.8265,0.9351,53.45,1125
5,2,3,3,6,3,0.5508,0.7514,1.0916,0.9215,52.18,1143
5,2,4,2,4,3,0.5483,1.0716,0.7418,0.9067,55.17,1143
5,2,4,2,4,5,0.5652,0.8554,0.9471,0.9013,56.15,1140
5,2,4,2,6,5,0.5594,0.9272,0.8649,0.8961,55.50,1148
5,2,4,3,3,4,0.5601,0.8072,0.9651,0.8861,51.57,1150
5,2,4,3,5,10,0.5238,1.0613,0.8509,0.9561,49.57,1127
5,2,4,3,7,3,0.5692,0.9216,0.8505,0.8860,52.94,1166
5,2,4,3,10,5,0.5622,0.9406,0.8601,0.9004,55.05,1154
5,2,4,4,4,5,0.5762,0.8602,0.8786,0.8694,52.70,1166
5,2,5,2,4,2,0.5784,1.0451,0.6739,0.8595,54.99,1161
5,2,5,2,4,3,0.5672,0.7944,0.9944,0.8944,53.41,1161
5,2,5,2,4,5,0.5789,0.8437,0.8741,0.8589,55.23,1158
5,2,5,3,15,3,0.5377,0.9420,0.9213,0.9317,51.46,1126
5,2,5,4,15,3,0.5337,0.7849,1.0644,0.9246,51.87,1137
5,2,5,5,3,10,0.5624,1.1155,0.7163,0.9159,56.57,1154
5,2,5,5,4,1,0.6144,0.6824,0.9408,0.8116,60.01,1196
5,2,5,5,4,3,0.6021,0.8825,0.7651,0.8238,59.26,1200
5,2,5,5,6,3,0.5939,0.6688,0.9973,0.8331,56.87,1208
5,2,5,5,10,10,0.5573,1.0264,0.7866,0.9065,55.46,1160
5,2,5,5,15,10,0.5353,0.9131,0.8986,0.9059,52.38,1112
5,2,6,1,3,10,0.5346,0.8191,1.0328,0.9260,50.68,1119
5,2,6,1,4,5,0.5605,0.8198,0.9608,0.8903,56.14,1157
5,2,6,2,5,4,0.5923,0.8171,0.9242,0.8707,57.87,1181
5,2,6,2,7,1,0.6012,0.9712,0.7287,0.8499,58.60,1183
5,2,6,2,7,4,0.5844,0.9771,0.7099,0.8435,54.46,1186
5,2,6,2,15,2,0.5545,1.0929,0.7400,0.9165,54.42,1126
5,2,6,3,5,2,0.6007,1.0288,0.6485,0.8387,56.28,1197
5,2,6,3,10,3,0.6019,0.7460,0.9589,0.8524,56.80,1193
5,2,6,4,3,2,0.6087,0.6667,0.9640,0.8154,57.16,1198
5,2,6,4,6,10,0.5975,0.8222,0.8653,0.8437,55.10,1174
5,2,6,4,7,10,0.5769,0.8779,0.8624,0.8701,52.98,1175
5,2,6,5,6,1,0.6260,0.9090,0.7035,0.8062,58.08,1223
5,2,6,6,3,10,0.5778,0.9596,0.7436,0.8516,52.95,1176
5,2,10,1,3,1,0.5882,0.8793,0.8741,0.8767,53.83,1178
5,2,10,1,3,3,0.5798,1.0595,0.7261,0.8928,54.09,1181
5,2,10,2,7,4,0.6239,0.9568,0.6608,0.8088,60.72,1217
5,2,10,3,4,10,0.6033,0.9871,0.6701,0.8286,56.55,1182
5,2,10,3,5,2,0.6258,0.7006,0.9120,0.8063,59.03,1230
5,2,10,3,7,10,0.5975,0.8515,0.8692,0.8603,54.12,1192
5,2,10,3,15,1,0.5730,1.0298,0.7005,0.8651,54.06,1164
5,2,10,4,4,1,0.6493,0.6558,0.8538,0.7548,59.43,1237
5,2,10,4,6,2,0.6638,0.7570,0.7853,0.7711,62.67,1250
5,2,10,4,10,3,0.6537,0.5982,0.9462,0.7722,57.89,1241
5,2,10,5,5,4,0.6581,0.6219,0.9034,0.7627,59.90,1259
5,2,10,5,10,1,0.6624,0.6012,0.8932,0.7472,58.39,1249
5,2,10,8,15,2,0.6057,0.9057,0.8067,0.8562,54.97,1202
5,2,15,1,6,5,0.5586,0.8401,1.0005,0.9203,52.65,1149
5,2,15,1,7,2,0.5545,0.9182,0.9014,0.9098,52.59,1152
5,2,15,1,10,1,0.5645,0.6817,1.0593,0.8705,55.28,1142
5,2,15,2,7,5,0.5684,0.8313,0.9827,0.9070,53.54,1167
5,2,15,3,4,4,0.5955,0.6701,1.0558,0.8629,56.68,1176
5,2,15,3,5,3,0.5841,0.9204,0.8569,0.8886,54.86,1181
5,2,15,3,6,2,0.5816,0.7213,1.0477,0.8845,56.73,1184
5,2,15,4,3,10,0.5456,1.0587,0.8143,0.9365,52.25,1145
5,2,15,6,4,3,0.6082,0.6585,1.0237,0.8411,56.02,1207
5,2,15,6,7,1,0.5991,0.7545,0.9730,0.8638,54.91,1214
5,2,15,6,15,1,0.5612,1.0182,0.7641,0.8911,52.14,1149
5,2,15,8,5,5,0.6287,0.7399,0.8366,0.7882,58.66,1216
5,2,15,8,6,10,0.5704,0.9049,0.8878,0.8963,56.85,1180
5,2,20,1,3,10,0.4433,0.9785,1.1366,1.0576,46.19,1014
5,2,20,1,4,10,0.4431,0.8725,1.1803,1.0264,48.40,1018
5,2,20,1,6,10,0.4491,1.1291,0.9805,1.0548,44.73,1023
5,2,20,1,10,10,0.4441,0.8916,1.2297,1.0606,45.32,1018
5,2,20,2,4,2,0.4643,1.0307,0.9973,1.0140,47.83,1054
5,2,20,3,3,1,0.4690,0.8310,1.1930,1.0120,46.43,1058
5,2,20,3,5,3,0.4873,1.1449,0.8417,0.9933,51.77,1068
5,2,20,3,15,1,0.4449,1.1847,0.9292,1.0570,45.86,1027
5,2,20,3,15,2,0.4524,0.8587,1.2526,1.0556,49.25,1028
5,2,20,4,4,5,0.4907,1.0961,0.8801,0.9881,49.47,1072
5,2,20,4,5,4,0.4978,0.8311,1.1484,0.9897,51.34,1077
5,2,20,4,7,2,0.4900,0.8721,1.0757,0.9739,48.04,1080
5,2,20,5,7,2,0.5050,1.1510,0.7513,0.9511,50.48,1087
5,2,20,6,3,10,0.4784,0.9517,1.0427,0.9972,48.49,1053
5,2,20,6,10,2,0.5087,0.9240,0.9742,0.9491,50.97,1086
5,2,20,6,15,1,0.4688,0.9540,1.1135,1.0338,46.77,1045
5,2,20,8,7,10,0.4993,0.9498,0.9541,0.9520,51.19,1068
5,3,3,1,6,10,0.5028,0.9829,0.9426,0.9628,52.14,1098
5,3,3,1,7,3,0.5526,1.0591,0.7950,0.9271,54.57,1131
5,3,3,2,4,2,0.5380,0.8701,1.0177,0.9439,50.20,1138
5,3,3,2,4,10,0.5171,0.8210,1.1338,0.9774,51.70,1106
5,3,3,2,7,10,0.5148,0.8849,0.9889,0.9369,53.55,1113
5,3,3,3,3,5,0.5508,0.7263,1.0639,0.8951,51.91,1143
5,3,3,3,15,2,0.5093,0.8107,1.1092,0.9600,49.80,1105
5,3,4,1,5,3,0.5641,0.9119,0.8418,0.8769,56.20,1148
5,3,4,2,4,2,0.5629,0.8104,1.0181,0.9142,52.67,1159
5,3,4,2,7,2,0.5621,1.0264,0.8059,0.9162,55.41,1168
5,3,4,2,10,5,0.5543,1.0830,0.7334,0.9082,52.30,1157
5,3,4,3,6,4,0.5898,0.8336,0.8898,0.8617,53.71,1182
5,3,4,3,15,5,0.5305,1.1013,0.7392,0.9202,53.62,1122
5,3,4,4,15,2,0.5381,0.7317,1.0835,0.9076,52.10,1135
5,3,5,1,5,3,0.5709,0.8865,0.8921,0.8893,54.85,1166
5,3,5,1,6,10,0.5332,0.9659,0.9392,0.9526,49.93,1133
5,3,5,3,3,1,0.5789,0.7201,1.0504,0.8853,53.01,1184
5,3,5,3,7,1,0.5892,0.8926,0.8617,0.8771,55.37,1201
5,3,5,4,5,3,0.6215,0.8845,0.7382,0.8114,60.19,1214
5,3,5,5,7,5,0.6437,0.8917,0.6736,0.7826,59.84,1227
5,3,6,2,3,10,0.5705,1.0035,0.8057,0.9046,56.89,1150
5,3,6,2,4,5,0.6004,0.8781,0.8244,0.8512,56.40,1192
5,3,6,2,5,1,0.6089,0.9823,0.6594,0.8208,58.53,1198
5,3,6,2,6,2,0.5942,1.0102,0.6679,0.8390,58.64,1204
5,3,6,2,6,10,0.5753,0.9135,0.8173,0.8654,54.39,1164
5,3,6,2,10,10,0.5673,0.8029,0.9526,0.8778,55.63,1157
5,3,6,2,15,3,0.5671,0.8036,0.9458,0.8747,52.38,1142
5,3,6,3,7,4,0.6256,0.6958,0.9283,0.8120,58.81,1222
5,3,6,3,10,2,0.6146,0.8519,0.8117,0.8318,58.35,1212
5,3,6,4,3,3,0.6299,0.6833,0.9447,0.8140,58.66,1219
5,3,6,4,5,2,0.6504,0.6228,0.9521,0.7875,61.66,1232
5,3,6,5,4,5,0.6470,0.7820,0.7191,0.7505,60.62,1235
5,3,6,5,10,10,0.5899,0.7942,0.8876,0.8409,55.25,1194
5,3,6,6,3,5,0.6281,0.6444,0.9363,0.7903,60.46,1235
5,3,6,6,6,5,0.6624,0.6112,0.9048,0.7580,60.11,1254
5,3,10,1,3,1,0.6106,0.9688,0.6902,0.8295,59.83,1196
5,3,10,1,6,1,0.6137,0.8479,0.8055,0.8267,59.14,1213
5,3,10,2,3,10,0.5663,1.0486,0.7044,0.8765,53.36,1178
5,3,10,2,5,1,0.6384,0.6465,0.9770,0.8118,58.48,1230
5,3,10,3,15,1,0.6049,0.9920,0.6905,0.8413,55.57,1181
5,3,10,4,3,1,0.6508,0.5962,0.9316,0.7639,62.50,1251
5,3,10,4,15,4,0.6012,0.8080,0.8580,0.8330,58.15,1197
5,3,10,5,3,5,0.6778,0.7623,0.6769,0.7196,64.24,1264
5,3,10,5,4,4,0.6776,0.9042,0.5573,0.7308,60.33,1277
5,3,10,5,6,3,0.6897,0.8349,0.5856,0.7102,62.68,1290
5,3,10,5,6,5,0.6878,0.8525,0.5974,0.7250,62.55,1285
5,3,10,5,7,4,0.6845,0.8892,0.5707,0.7300,60.09,1290
5,3,10,6,5,1,0.6997,0.5550,0.8477,0.7013,63.48,1291
5,3,10,6,5,10,0.6505,0.6927,0.8951,0.7939,60.62,1241
5,3,10,6,10,2,0.6666,0.5611,0.9455,0.7533,61.00,1287
5,3,15,1,10,4,0.5850,0.8739,0.8170,0.8454,56.61,1161
5,3,15,2,6,10,0.5488,1.1226,0.7503,0.9364,52.70,1149
5,3,15,2,10,2,0.5831,0.7266,1.0474,0.8870,54.18,1178
5,3,15,2,10,5,0.5891,0.9159,0.7866,0.8512,57.21,1176
5,3,15,2,15,3,0.5356,1.0128,0.8078,0.9103,54.36,1128
5,3,15,3,4,4,0.5865,0.8843,0.8445,0.8644,55.44,1194
5,3,15,3,4,10,0.5556,0.8550,0.9751,0.9151,55.67,1156
5,3,15,3,10,3,0.6132,0.9057,0.7438,0.8247,59.07,1195
5,3,15,3,15,1,0.5621,0.8894,0.8723,0.8808,54.42,1139
5,3,15,4,5,2,0.6125,0.7699,0.8374,0.8037,59.80,1213
5,3,15,4,5,4,0.6040,0.9719,0.6836,0.8277,57.56,1213
5,3,15,5,10,10,0.5891,0.6617,1.0055,0.8336,57.62,1178
5,3,15,6,4,4,0.6269,0.7420,0.8906,0.8163,56.69,1227
5,3,15,6,4,5,0.6267,0.7656,0.8821,0.8239,57.49,1224
5,3,15,6,7,2,0.6264,0.5971,0.9904,0.7937,58.02,1238
5,3,15,8,6,3,0.6359,0.7092,0.8506,0.7799,57.81,1245
5,3,15,8,10,2,0.6238,0.9772,0.6020,0.7896,57.46,1234
5,3,15,8,10,3,0.6460,0.9056,0.6357,0.7706,60.35,1235
5,3,20,1,4,3,0.4749,0.8074,1.1904,0.9989,50.27,1054
5,3,20,1,10,1,0.4618,0.8970,1.1876,1.0423,46.20,1052
5,3,20,2,7,3,0.4997,0.8008,1.1072,0.9540,51.27,1073
5,3,20,2,7,10,0.4665,1.2000,0.8836,1.0418,50.26,1046
5,3,20,2,15,10,0.4438,0.8919,1.1737,1.0328,44.83,1007
5,3,20,3,5,5,0.4945,0.8093,1.1228,0.9661,50.48,1079
5,3,20,3,6,1,0.5008,0.8440,1.1366,0.9903,50.19,1081
5,3,20,3,15,10,0.4487,1.1629,0.9272,1.0450,47.48,1016
5,3,20,4,6,4,0.5137,0.9445,0.9237,0.9341,49.60,1092
5,3,20,4,7,1,0.5077,1.0225,0.9455,0.9840,49.01,1091
5,3,20,4,10,3,0.4928,0.8594,1.0858,0.9726,49.25,1087
5,3,20,4,10,10,0.4711,1.0756,0.9260,1.0008,46.40,1059
5,3,20,6,4,2,0.5046,0.9405,0.9986,0.9696,51.60,1099
5,3,20,6,5,4,0.5331,0.9780,0.8686,0.9233,54.11,1103
5,3,20,6,7,3,0.5293,0.8458,1.0091,0.9274,52.03,1107
5,3,20,8,5,3,0.5290,0.9872,0.8457,0.9164,50.24,1108
5,5,3,1,3,2,0.5504,0.7240,1.0967,0.9103,52.71,1141
5,5,3,1,4,4,0.5519,0.9875,0.8550,0.9212,51.78,1147
5,5,3,1,10,3,0.5519,1.0722,0.7223,0.8973,53.29,1148
5,5,3,2,6,4,0.5717,0.8806,0.9020,0.8913,57.04,1172
5,5,3,3,3,2,0.5778,0.8303,0.8745,0.8524,55.47,1172
5,5,3,3,6,1,0.5719,0.9973,0.8057,0.9015,52.45,1185
5,5,3,3,10,4,0.5750,0.9331,0.8138,0.8734,55.73,1179
5,5,4,1,5,2,0.5725,0.8413,0.9520,0.8966,54.24,1174
5,5,4,1,6,1,0.5809,1.0119,0.6777,0.8448,55.48,1175
5,5,4,2,5,2,0.5933,0.7491,0.9594,0.8543,53.79,1193
5,5,4,2,5,5,0.6055,0.7891,0.8572,0.8232,56.92,1190
5,5,4,3,3,3,0.6099,0.6912,0.9468,0.8190,57.62,1197
5,5,4,4,3,4,0.6011,1.0290,0.6895,0.8593,57.02,1210
5,5,4,4,5,10,0.5956,0.9670,0.7588,0.8629,55.13,1182
5,5,4,4,6,3,0.6178,0.7529,0.9243,0.8386,60.21,1228
5,5,4,4,7,10,0.5861,0.7590,1.0034,0.8812,56.48,1186
5,5,5,1,4,3,0.5967,1.0442,0.6656,0.8549,57.38,1190
5,5,5,1,6,4,0.6085,0.8517,0.7731,0.8124,56.37,1197
5,5,5,1,7,4,0.6077,0.8417,0.8151,0.8284,58.09,1199
5,5,5,2,3,3,0.6033,0.7679,0.9564,0.8621,55.23,1202
5,5,5,2,4,1,0.6072,0.7972,0.8637,0.8304,57.87,1206
5,5,5,2,15,3,0.5661,0.7694,1.0114,0.8904,54.02,1154
5,5,5,2,15,10,0.5317,0.7669,1.0736,0.9203,52.32,1120
5,5,5,3,3,5,0.6285,0.8200,0.7970,0.8085,59.11,1215
5,5,5,3,3,10,0.5784,0.8903,0.8847,0.8875,53.68,1177
5,5,5,3,7,1,0.6488,0.9879,0.6061,0.7970,57.89,1234
5,5,5,3,7,10,0.5894,0.8141,0.8585,0.8363,57.43,1193
5,5,5,4,7,5,0.6519,0.6282,0.9392,0.7837,60.80,1250
5,5,5,5,3,4,0.6528,0.8501,0.7184,0.7843,58.50,1245
5,5,5,5,4,10,0.5999,0.6514,0.9968,0.8241,56.81,1208
5,5,5,5,7,10,0.6387,0.6756,0.8876,0.7816,56.76,1218
5,5,6,1,5,3,0.6190,0.8474,0.8136,0.8305,57.85,1213
5,5,6,1,6,2,0.6090,0.8854,0.7386,0.8120,58.44,1215
5,5,6,3,10,3,0.6525,0.9555,0.5994,0.7775,61.66,1247
5,5,6,4,10,3,0.6526,0.7933,0.7515,0.7724,60.17,1264
5,5,6,4,15,10,0.5540,0.9332,0.9045,0.9189,53.23,1158
5,5,6,5,4,2,0.6677,0.9189,0.5282,0.7236,60.60,1277
5,5,6,5,5,10,0.6424,0.6915,0.8299,0.7607,57.76,1233
5,5,6,5,6,2,0.6933,0.8242,0.5652,0.6947,65.03,1289
5,5,6,5,7,2,0.6832,0.8333,0.6236,0.7284,62.94,1290
5,5,6,6,3,2,0.6679,0.6682,0.8458,0.7570,62.98,1277
5,5,6,6,10,3,0.6963,0.5733,0.8718,0.7225,63.50,1289
5,5,10,1,3,2,0.6409,0.6491,0.8741,0.7616,57.61,1232
5,5,10,1,5,4,0.6395,0.8172,0.7875,0.8024,57.72,1247
5,5,10,1,6,4,0.6614,0.8097,0.6833,0.7465,61.49,1251
5,5,10,1,15,3,0.5886,0.7065,1.0449,0.8757,54.11,1180
5,5,10,2,4,2,0.6617,0.5405,0.9272,0.7339,59.34,1264
5,5,10,2,6,1,0.6848,0.6514,0.7471,0.6993,61.73,1272
5,5,10,2,7,2,0.6740,0.7876,0.6526,0.7201,63.10,1277
5,5,10,2,10,10,0.6229,0.9671,0.6656,0.8164,55.86,1216
5,5,10,3,5,2,0.6886,0.8544,0.5468,0.7006,62.60,1294
5,5,10,3,6,3,0.6901,0.8953,0.5755,0.7354,63.72,1300
5,5,10,4,3,1,0.6784,0.8587,0.6039,0.7313,64.29,1291
5,5,10,4,5,10,0.6551,0.7916,0.7025,0.7470,61.27,1257
5,5,10,6,3,1,0.7169,0.8465,0.4731,0.6598,65.34,1319
5,5,10,8,5,3,0.7394,0.5402,0.7759,0.6581,65.76,1359
5,5,10,8,15,3,0.6559,0.6792,0.8618,0.7705,58.17,1259
5,5,15,1,7,1,0.5821,0.9890,0.7593,0.8741,55.47,1196
5,5,15,1,7,4,0.6073,0.8388,0.8025,0.8207,55.84,1199
5,5,15,1,10,2,0.5986,0.7406,0.9705,0.8556,57.31,1189
5,5,15,2,4,3,0.5980,0.7410,0.9722,0.8566,55.71,1210
5,5,15,2,6,4,0.6210,0.9086,0.6848,0.7967,56.46,1218
5,5,15,3,3,4,0.6032,0.9691,0.7334,0.8513,58.31,1218
5,5,15,3,3,5,0.6199,0.7269,0.9127,0.8198,59.00,1215
5,5,15,3,10,1,0.6332,0.6170,0.9540,0.7855,59.44,1224
5,5,15,3,15,5,0.5579,0.8318,0.9511,0.8914,53.18,1165
5,5,15,4,3,3,0.6358,0.9120,0.6487,0.7803,59.48,1234
5,5,15,4,5,3,0.6472,0.9120,0.6294,0.7707,59.38,1249
5,5,15,4,6,5,0.6389,0.8550,0.6891,0.7721,59.59,1249
5,5,15,5,4,5,0.6493,0.8453,0.7233,0.7843,60.40,1251
5,5,15,5,5,1,0.6637,0.7413,0.7144,0.7279,63.07,1258
5,5,15,6,3,3,0.6459,0.8942,0.6939,0.7940,58.19,1256
5,5,15,6,6,2,0.6618,0.6417,0.8665,0.7541,60.76,1275
5,5,20,1,3,10,0.4533,0.9588,1.0588,1.0088,46.51,1043
5,5,20,1,4,5,0.5004,0.8231,1.0846,0.9539,52.44,1072
5,5,20,2,7,3,0.4987,1.0614,0.9303,0.9959,50.85,1094
5,5,20,2,15,2,0.4604,1.1635,0.8937,1.0286,49.36,1048
5,5,20,3,6,3,0.5217,0.8220,1.0890,0.9555,51.94,1106
5,5,20,3,6,5,0.5247,0.8302,1.0452,0.9377,52.06,1103
5,5,20,4,4,5,0.5194,0.8532,1.0165,0.9349,49.88,1107
5,5,20,4,6,5,0.5213,0.9469,0.9363,0.9416,51.17,1113
5,5,20,5,6,10,0.5175,1.0884,0.8443,0.9663,50.14,1093
5,5,20,8,4,3,0.5337,1.0409,0.7783,0.9096,52.68,1128
5,5,20,8,6,2,0.5467,0.7844,1.0265,0.9054,52.63,1134
5,5,20,8,15,10,0.4895,0.9051,1.0514,0.9782,49.54,1056
5,10,3,1,3,3,0.5835,0.8872,0.8554,0.8713,56.61,1170
5,10,3,1,3,4,0.5647,0.9803,0.7888,0.8846,53.31,1169
5,10,3,1,3,5,0.5865,0.7445,1.0200,0.8822,56.33,1166
5,10,3,1,4,3,0.6000,0.9126,0.7373,0.8250,55.71,1176
5,10,3,2,5,1,0.6190,0.6755,0.9752,0.8254,58.56,1197
5,10,3,3,5,1,0.6042,0.8554,0.7909,0.8231,57.27,1214
5,10,4,1,3,3,0.6085,1.0013,0.6204,0.8109,55.63,1193
5,10,4,1,10,3,0.6073,1.0270,0.6822,0.8546,57.30,1201
5,10,4,1,15,2,0.5599,0.8784,0.8930,0.8857,56.16,1146
5,10,4,2,7,1,0.6133,0.6508,0.9901,0.8205,56.75,1228
5,10,4,2,10,10,0.5858,0.9273,0.7794,0.8534,55.94,1179
5,10,4,3,4,1,0.6201,0.9910,0.5968,0.7939,59.46,1236
5,10,4,3,5,5,0.6444,0.9181,0.6585,0.7883,61.27,1242
5,10,4,3,7,4,0.6640,0.7417,0.7534,0.7475,61.12,1250
5,10,4,4,5,3,0.6493,0.7062,0.8335,0.7699,61.79,1263
5,10,4,4,15,1,0.5860,0.8044,0.8784,0.8414,55.75,1188
5,10,5,1,4,1,0.6371,0.7270,0.8781,0.8025,61.08,1219
5,10,5,1,6,5,0.6220,0.6716,0.9296,0.8006,59.05,1229
5,10,5,2,3,4,0.6393,0.8043,0.7871,0.7957,57.34,1236
5,10,5,2,7,4,0.6686,0.7070,0.7810,0.7440,62.96,1256
5,10,5,2,15,2,0.5778,0.6816,1.0710,0.8763,56.90,1182
5,10,5,3,3,2,0.6522,0.7350,0.7651,0.7500,59.91,1255
5,10,5,3,5,1,0.6653,0.9107,0.5633,0.7370,62.18,1268
5,10,5,4,6,2,0.6869,0.6141,0.7852,0.6996,62.53,1295
5,10,5,4,7,4,0.6776,0.8211,0.6236,0.7223,62.91,1297
5,10,5,4,10,2,0.6853,0.6340,0.7686,0.7013,60.43,1283
5,10,5,4,10,4,0.6750,0.7638,0.7209,0.7423,59.25,1283
5,10,5,5,7,1,0.6919,0.8370,0.5843,0.7106,61.00,1309
5,10,6,1,10,2,0.6421,0.6674,0.9291,0.7982,58.20,1242
5,10,6,1,15,2,0.5707,0.9291,0.8006,0.8649,53.96,1180
5,10,6,2,10,5,0.6514,0.7726,0.7664,0.7695,61.98,1263
5,10,6,3,3,5,0.6756,0.8854,0.6151,0.7502,59.92,1274
5,10,6,4,15,10,0.5977,0.9237,0.8060,0.8648,54.29,1188
5,10,10,1,15,5,0.6117,0.9130,0.7583,0.8356,58.78,1208
5,10,10,1,15,10,0.5809,0.9369,0.7737,0.8553,55.02,1171
5,10,10,2,5,5,0.7135,0.4860,0.8612,0.6736,62.64,1314
5,10,10,2,6,1,0.7054,0.8459,0.5183,0.6821,64.41,1319
5,10,10,2,15,2,0.6217,0.7020,0.9301,0.8161,58.75,1232
5,10,10,2,15,3,0.6358,0.9849,0.5957,0.7903,58.78,1233
5,10,10,3,3,1,0.7038,0.7286,0.6244,0.6765,65.31,1320
5,10,10,3,4,1,0.7229,0.5175,0.8037,0.6606,66.68,1333
5,10,10,3,4,3,0.7191,0.7722,0.6020,0.6871,62.67,1339
5,10,10,4,4,2,0.7524,0.6246,0.6245,0.6246,65.54,1363
5,10,10,4,7,1,0.7723,0.4537,0.6701,0.5619,70.83,1379
5,10,10,4,7,5,0.7783,0.4657,0.7209,0.5933,68.05,1379
5,10,10,4,15,4,0.6649,0.6318,0.8898,0.7608,58.75,1268
5,10,10,5,7,2,0.8000,0.3774,0.7264,0.5519,71.71,1413
5,10,10,6,4,4,0.7915,0.7012,0.4456,0.5734,68.70,1406
5,10,10,6,5,4,0.7832,0.7734,0.4114,0.5924,68.56,1423
5,10,10,8,3,3,0.7804,0.7416,0.4407,0.5912,67.95,1405
5,10,15,1,6,4,0.6377,0.9405,0.6069,0.7737,59.52,1232
5,10,15,3,6,4,0.6767,0.8033,0.6236,0.7134,63.89,1276
5,10,15,3,6,5,0.6786,0.8526,0.5694,0.7110,63.78,1273
5,10,15,3,15,4,0.5843,1.0148,0.7393,0.8771,54.29,1198
5,10,15,4,6,10,0.6350,0.7129,0.9175,0.8152,60.18,1241
5,10,15,5,4,4,0.6924,0.5943,0.8212,0.7078,62.89,1298
5,10,15,5,6,2,0.7043,0.6898,0.6433,0.6665,62.71,1311
5,10,15,6,3,5,0.6766,0.6765,0.8226,0.7496,60.88,1294
5,10,15,6,7,10,0.6574,0.8520,0.6818,0.7669,61.50,1265
5,10,20,1,3,5,0.5190,0.8176,1.1164,0.9670,49.46,1089
5,10,20,1,5,2,0.5227,0.8762,1.0531,0.9646,50.20,1100
5,10,20,2,5,10,0.5173,1.0541,0.8892,0.9716,53.37,1084
5,10,20,2,7,3,0.5235,0.9861,0.9327,0.9594,49.93,1118
5,10,20,2,7,4,0.5267,0.9740,0.8840,0.9290,51.31,1117
5,10,20,2,10,2,0.5174,0.8526,1.1011,0.9769,49.70,1110
5,10,20,4,3,5,0.5423,0.9303,0.9154,0.9228,54.31,1125
5,10,20,4,6,10,0.5132,1.0447,0.8391,0.9419,49.97,1108
5,10,20,4,15,4,0.5118,1.1551,0.8043,0.9797,50.56,1089
5,10,20,8,3,1,0.5512,0.7957,0.9809,0.8883,53.98,1145
5,10,20,8,6,4,0.5624,1.0382,0.7168,0.8775,52.13,1161
5,10,20,8,7,2,0.5778,0.7360,0.9838,0.8599,57.34,1162
5,10,20,8,10,3,0.5565,0.7136,1.0971,0.9053,51.66,1154
5,10,20,8,15,3,0.5219,0.8799,0.9705,0.9252,52.26,1107
5,20,3,1,7,2,0.4937,1.1446,0.8097,0.9771,49.36,1082
5,20,3,2,5,3,0.5056,0.8313,1.0795,0.9554,48.19,1093
5,20,3,2,6,3,0.5105,0.7888,1.1279,0.9583,50.06,1095
5,20,3,2,10,10,0.4850,0.9831,0.9737,0.9784,48.21,1061
5,20,3,2,15,5,0.4545,0.8789,1.1420,1.0104,47.46,1048
5,20,3,3,4,10,0.4732,1.0856,0.8885,0.9871,48.45,1072
5,20,3,3,5,4,0.5118,1.0381,0.8597,0.9489,53.11,1104
5,20,4,1,3,3,0.4909,0.9202,1.0507,0.9854,48.94,1088
5,20,4,1,3,4,0.5106,0.8427,1.1295,0.9861,53.10,1087
5,20,4,3,4,3,0.5465,1.0824,0.7203,0.9013,54.52,1119
5,20,4,3,7,4,0.5437,0.9966,0.8499,0.9233,54.12,1126
5,20,4,3,7,5,0.5348,0.9875,0.8917,0.9396,51.98,1124
5,20,4,3,15,4,0.5019,1.1772,0.7828,0.9800,48.89,1076
5,20,4,4,10,10,0.5075,1.0995,0.8575,0.9785,53.12,1098
5,20,5,1,10,2,0.5277,0.8635,1.0338,0.9487,50.13,1108
5,20,5,3,4,1,0.5446,0.8078,1.0636,0.9357,53.60,1133
5,20,5,3,15,10,0.4946,1.1700,0.8266,0.9983,50.91,1063
5,20,5,4,7,3,0.5584,0.9458,0.8738,0.9098,54.29,1156
5,20,5,5,4,2,0.5596,0.8772,0.9335,0.9054,56.37,1156
5,20,5,5,7,10,0.5504,0.9760,0.8684,0.9222,53.33,1130
5,20,6,1,3,2,0.5324,0.8930,1.0027,0.9479,54.15,1115
5,20,6,1,7,4,0.5238,0.9623,0.9667,0.9645,51.52,1128
5,20,6,1,7,10,0.5139,0.8934,0.9973,0.9454,48.60,1097
5,20,6,2,7,2,0.5559,0.9841,0.8506,0.9173,53.75,1144
5,20,6,2,15,3,0.5250,0.8240,1.0946,0.9593,50.53,1092
5,20,6,2,15,10,0.4746,0.8582,1.1437,1.0010,46.94,1064
5,20,6,3,4,4,0.5622,0.9266,0.8787,0.9027,52.39,1150
5,20,6,3,15,2,0.5240,1.0180,0.9145,0.9662,54.07,1104
5,20,6,5,6,5,0.5823,0.9363,0.8401,0.8882,55.47,1177
5,20,6,5,7,4,0.5736,0.7010,1.0101,0.8556,54.60,1180
5,20,6,6,3,10,0.5472,0.8667,0.9186,0.8927,51.17,1136
5,20,6,6,6,1,0.5982,0.7610,0.9377,0.8493,54.29,1184
5,20,10,1,15,1,0.5006,0.9368,0.9862,0.9615,48.13,1098
5,20,10,2,6,3,0.5811,0.8253,0.9086,0.8670,56.71,1171
5,20,10,2,10,10,0.5378,1.0536,0.8012,0.9274,53.65,1128
5,20,10,3,3,3,0.5674,0.7131,1.0180,0.8656,52.89,1171
5,20,10,3,10,3,0.5858,0.6922,0.9914,0.8418,57.90,1178
5,20,10,3,10,5,0.5978,1.0175,0.6430,0.8303,57.62,1175
5,20,10,4,5,1,0.6078,0.8990,0.7820,0.8405,56.46,1193
5,20,10,4,15,4,0.5398,1.1270,0.7461,0.9365,54.46,1138
5,20,10,5,6,3,0.6135,0.6462,1.0128,0.8295,55.51,1210
5,20,10,6,7,3,0.6304,0.7501,0.8265,0.7883,60.00,1220
5,20,10,6,15,1,0.5559,0.9332,0.8232,0.8782,51.98,1151
5,20,10,8,6,4,0.6328,0.9918,0.6463,0.8191,58.82,1224
5,20,10,8,10,5,0.6247,0.6988,0.8831,0.7910,59.47,1212
5,20,10,8,15,2,0.5585,1.0550,0.7054,0.8802,52.65,1158
5,20,15,1,3,4,0.5224,0.8283,1.1028,0.9656,49.95,1102
5,20,15,1,7,5,0.5267,0.7959,1.0628,0.9294,51.64,1113
5,20,15,2,10,3,0.5333,1.0785,0.8210,0.9498,49.99,1123
5,20,15,4,5,1,0.5581,1.0218,0.7727,0.8972,54.06,1149
5,20,15,4,7,4,0.5675,1.0059,0.7507,0.8783,54.65,1155
5,20,15,5,3,2,0.5544,1.0580,0.7057,0.8818,54.78,1149
5,20,15,5,5,2,0.5652,0.8055,1.0176,0.9115,54.91,1160
5,20,15,5,15,5,0.5266,0.7787,1.0911,0.9349,51.71,1107
5,20,15,6,4,1,0.5829,0.9104,0.8362,0.8733,56.11,1160
5,20,15,6,5,1,0.5660,0.7824,1.0319,0.9071,55.11,1165
5,20,15,6,5,5,0.5710,0.8742,0.9276,0.9009,52.74,1165
5,20,15,6,6,5,0.5694,0.8525,0.9648,0.9087,53.45,1168
5,20,15,8,5,3,0.5842,0.8927,0.8085,0.8506,58.01,1173
5,20,15,8,6,2,0.5928,0.7705,0.9726,0.8716,55.19,1175
5,20,15,8,15,4,0.5320,0.8291,0.9982,0.9136,51.67,1119
5,20,20,1,3,3,0.4244,1.1440,0.9427,1.0433,44.76,1011
5,20,20,1,4,5,0.4334,0.9576,1.1863,1.0719,48.58,1013
5,20,20,1,6,2,0.4319,1.0586,1.1025,1.0805,44.01,1020
5,20,20,4,3,3,0.4643,1.0031,1.0086,1.0059,49.61,1040
5,20,20,4,10,3,0.4703,0.9134,1.0851,0.9992,47.18,1044
5,20,20,5,4,3,0.4722,0.8786,1.1507,1.0146,49.16,1051
5,20,20,5,7,2,0.4725,0.9409,1.1169,1.0289,49.94,1056
5,20,20,5,7,4,0.4804,0.8994,1.1174,1.0084,50.07,1056
5,20,20,5,15,10,0.4160,1.0534,1.1254,1.0894,45.15,993
5,20,20,6,3,2,0.4575,0.9459,1.1557,1.0508,47.27,1050
5,20,20,6,4,3,0.4643,0.9759,1.0744,1.0252,47.43,1055
5,20,20,6,4,5,0.4640,1.0212,1.0615,1.0413,47.59,1053
5,20,20,8,5,3,0.4819,0.8504,1.1068,0.9786,48.55,1063
5,20,20,8,6,4,0.4983,1.0045,0.9719,0.9882,50.75,1064
5,20,20,8,10,5,0.4765,1.0650,0.9736,1.0193,47.82,1057
5,20,20,8,15,10,0.4344,1.0036,1.0833,1.0435,47.39,1000
6,2,3,2,3,4,0.5421,0.7493,1.0617,0.9055,51.89,1119
6,2,3,2,6,3,0.5523,0.7320,1.0433,0.8876,55.94,1132
6,2,3,2,10,4,0.5435,0.9446,0.8510,0.8978,55.28,1124
6,2,3,3,15,3,0.5058,0.7741,1.1335,0.9538,51.12,1093
6,2,4,1,6,10,0.5301,1.1369,0.7563,0.9466,51.97,1104
6,2,4,1,7,10,0.5125,1.1329,0.7709,0.9519,49.40,1105
6,2,4,1,15,2,0.5106,1.1414,0.7537,0.9475,48.55,1085
6,2,4,4,7,2,0.5786,0.8617,0.8581,0.8599,56.14,1180
6,2,4,4,7,4,0.5864,1.0015,0.7526,0.8771,56.02,1180
6,2,4,4,7,5,0.5965,0.7065,0.9506,0.8285,56.56,1177
6,2,4,4,15,10,0.5133,1.1168,0.7531,0.9349,49.06,1091
6,2,5,1,4,1,0.5696,0.8692,0.9068,0.8880,55.20,1144
6,2,5,2,4,1,0.5763,0.7940,0.9706,0.8823,55.93,1161
6,2,5,4,4,10,0.5725,1.0559,0.7466,0.9013,52.99,1153
6,2,5,4,15,3,0.5401,0.8930,0.9720,0.9325,55.23,1139
6,2,5,5,4,10,0.5736,0.9651,0.7919,0.8785,54.15,1162
6,2,5,5,10,1,0.6164,0.8065,0.8195,0.8130,59.50,1199
6,2,5,5,15,2,0.5713,1.0342,0.7192,0.8767,55.90,1147
6,2,6,1,3,4,0.5867,1.0769,0.6802,0.8786,55.08,1155
6,2,6,2,5,1,0.5918,0.6687,0.9974,0.8331,58.28,1181
6,2,6,2,6,2,0.6035,1.0504,0.6618,0.8561,59.41,1187
6,2,6,2,7,5,0.5977,0.9144,0.8091,0.8618,54.75,1186
6,2,6,3,3,2,0.5991,0.8261,0.8125,0.8193,57.22,1187
6,2,6,3,15,3,0.5593,0.8545,0.9717,0.9131,54.71,1142
6,2,6,4,5,10,0.5861,0.7784,0.9648,0.8716,55.27,1173
6,2,6,5,3,1,0.6142,0.8129,0.7837,0.7983,56.15,1209
6,2,10,1,10,2,0.6039,0.8933,0.7627,0.8280,58.05,1190
6,2,10,1,15,4,0.5559,0.8220,0.9546,0.8883,55.64,1137
6,2,10,2,4,4,0.6190,0.9672,0.6145,0.7908,55.81,1209
6,2,10,2,5,3,0.6326,0.9738,0.6463,0.8101,60.54,1216
6,2,10,2,5,4,0.6285,0.6797,0.9576,0.8186,58.19,1215
6,2,10,2,6,10,0.5971,1.0089,0.6739,0.8414,58.16,1177
6,2,10,3,3,4,0.6313,0.9269,0.6249,0.7759,59.36,1219
6,2,10,4,7,1,0.6773,0.8217,0.6687,0.7452,61.63,1251
6,2,10,4,15,2,0.5982,0.7724,0.9602,0.8663,54.16,1181
6,2,10,5,6,5,0.6633,0.5455,0.9319,0.7387,62.83,1263
6,2,10,5,15,2,0.5991,0.9103,0.7920,0.8512,57.52,1191
6,2,10,6,10,5,0.6721,0.8774,0.6058,0.7416,60.65,1261
6,2,10,8,4,4,0.6854,0.6875,0.7033,0.6954,60.21,1273
6,2,10,8,4,10,0.6336,0.5818,0.9751,0.7785,58.51,1223
6,2,10,8,5,3,0.6832,0.6338,0.8059,0.7198,63.98,1281
6,2,10,8,10,3,0.6669,0.9105,0.6243,0.7674,61.03,1274
6,2,10,8,10,10,0.6392,0.6566,0.9545,0.8055,57.51,1223
6,2,10,8,15,3,0.6165,0.7734,0.8150,0.7942,57.50,1205
6,2,15,1,3,1,0.5682,0.8866,0.9193,0.9030,53.27,1138
6,2,15,1,4,1,0.5789,0.8598,0.9235,0.8916,53.49,1144
6,2,15,1,4,4,0.5646,0.8742,0.9109,0.8926,55.41,1146
6,2,15,1,4,5,0.5699,0.7275,1.0476,0.8876,57.13,1144
6,2,15,2,7,10,0.5510,1.1073,0.7413,0.9243,54.37,1136
6,2,15,2,10,10,0.5401,0.9435,0.9184,0.9309,51.93,1129
6,2,15,3,6,5,0.5952,0.7185,1.0166,0.8676,56.20,1184
6,2,15,3,7,10,0.5752,0.9556,0.8221,0.8888,55.96,1150
6,2,15,3,10,10,0.5634,0.8034,1.0295,0.9165,55.35,1142
6,2,15,4,3,3,0.6033,0.7811,0.9333,0.8572,56.64,1185
6,2,15,4,15,5,0.5598,0.8987,0.9332,0.9159,52.51,1136
6,2,15,5,15,2,0.5603,0.7091,1.0768,0.8930,56.24,1147
6,2,15,6,6,10,0.5952,0.8522,0.8607,0.8565,53.88,1177
6,2,15,6,7,1,0.6116,0.8992,0.7794,0.8393,57.65,1217
6,2,15,6,15,2,0.5571,0.8544,0.9120,0.8832,51.62,1153
6,2,15,6,15,5,0.5715,1.0377,0.7519,0.8948,56.92,1151
6,2,20,1,7,10,0.4457,1.0576,1.0591,1.0583,44.45,1025
6,2,20,2,6,10,0.4637,0.9294,1.1337,1.0316,48.65,1036
6,2,20,2,15,5,0.4404,0.9512,1.1756,1.0634,47.26,1019
6,2,20,3,6,4,0.4887,1.0364,0.9388,0.9876,49.08,1072
6,2,20,3,7,10,0.4853,1.0081,1.0238,1.0159,50.50,1046
6,2,20,3,10,5,0.4939,1.0491,0.9428,0.9959,48.06,1064
6,2,20,4,10,1,0.4912,1.0198,0.9702,0.9950,51.60,1073
6,2,20,5,3,5,0.5018,0.7904,1.1226,0.9565,50.13,1075
6,2,20,5,15,2,0.4775,1.0179,0.9993,1.0086,49.63,1044
6,2,20,6,6,10,0.4958,0.9437,0.9887,0.9662,50.46,1065
6,2,20,8,4,4,0.5159,1.1215,0.7500,0.9357,49.02,1092
6,2,20,8,5,10,0.4871,1.0329,0.9392,0.9860,48.53,1067
6,2,20,8,10,10,0.4854,1.0463,0.9325,0.9894,46.88,1064
6,3,3,1,4,5,0.5428,0.8015,0.9953,0.8984,52.43,1122
6,3,3,2,6,10,0.5444,0.8864,0.9992,0.9428,50.81,1114
6,3,3,3,3,10,0.5360,0.7383,1.0756,0.9069,51.31,1115
6,3,4,1,5,1,0.5625,1.0166,0.7926,0.9046,56.07,1147
6,3,4,1,6,10,0.5407,0.9742,0.8595,0.9168,54.01,1118
6,3,4,2,4,1,0.5702,0.7599,0.9633,0.8616,55.44,1159
6,3,4,2,5,5,0.5834,0.8405,0.9153,0.8779,55.06,1164
6,3,4,2,15,2,0.5448,0.8697,0.9318,0.9007,52.41,1113
6,3,4,3,3,2,0.5956,0.9840,0.7270,0.8555,56.33,1169
6,3,4,3,3,10,0.5548,1.0237,0.7566,0.8902,51.25,1134
6,3,4,3,4,4,0.5896,1.0208,0.7358,0.8783,55.87,1176
6,3,4,3,5,2,0.5874,0.6930,0.9880,0.8405,55.40,1181
6,3,4,3,6,5,0.5860,0.9514,0.7406,0.8460,58.03,1182
6,3,4,3,15,10,0.5149,0.9424,0.9903,0.9663,51.28,1095
6,3,4,4,3,10,0.5655,1.0870,0.7030,0.8950,55.77,1145
6,3,4,4,7,3,0.6060,0.8906,0.8079,0.8492,59.32,1199
6,3,4,4,15,2,0.5526,0.7858,0.9825,0.8841,52.17,1137
6,3,5,2,5,10,0.5654,0.8406,0.9876,0.9141,56.41,1149
6,3,5,2,6,3,0.6062,0.9272,0.7619,0.8445,54.69,1190
6,3,5,3,3,4,0.6053,0.6249,1.0044,0.8146,58.46,1189
6,3,5,4,5,3,0.6356,0.6780,0.8761,0.7770,57.43,1217
6,3,5,4,5,10,0.5831,0.8699,0.9010,0.8854,54.12,1175
6,3,6,1,7,10,0.5607,1.0664,0.7485,0.9074,53.25,1151
6,3,6,2,4,1,0.5997,0.8764,0.7994,0.8379,56.18,1195
6,3,6,2,5,3,0.6234,0.7629,0.8419,0.8024,59.05,1204
6,3,6,2,10,10,0.5710,0.7239,1.0480,0.8860,57.09,1159
6,3,6,3,5,1,0.6233,0.7367,0.8943,0.8155,56.64,1217
6,3,6,3,6,3,0.6470,0.9315,0.6375,0.7845,62.24,1225
6,3,6,4,15,4,0.5937,0.6605,1.0432,0.8518,56.80,1170
6,3,6,4,15,10,0.5693,1.0365,0.7232,0.8798,55.80,1135
6,3,6,5,5,3,0.6538,0.8961,0.6109,0.7535,58.06,1249
6,3,6,5,5,5,0.6598,0.9343,0.5532,0.7437,62.62,1245
6,3,6,5,15,1,0.5982,0.8296,0.8868,0.8582,58.68,1177
6,3,6,6,6,4,0.6747,0.5407,0.8796,0.7102,63.30,1261
6,3,6,6,6,5,0.6649,0.6435,0.8732,0.7584,59.39,1258
6,3,10,1,7,1,0.6418,0.8584,0.7563,0.8073,58.20,1217
6,3,10,1,7,5,0.6203,0.8389,0.7842,0.8115,58.68,1217
6,3,10,2,6,4,0.6484,0.8646,0.6946,0.7796,58.40,1240
6,3,10,2,7,2,0.6495,0.6642,0.8834,0.7738,60.89,1241
6,3,10,3,3,3,0.6507,0.8671,0.6826,0.7749,61.53,1242
6,3,10,3,5,10,0.6294,0.6582,0.9243,0.7913,59.83,1209
6,3,10,3,15,2,0.5965,0.8645,0.8749,0.8697,54.70,1186
6,3,10,4,15,5,0.6252,0.9658,0.6853,0.8256,56.02,1197
6,3,10,5,7,2,0.6856,0.6552,0.7794,0.7173,61.01,1294
6,3,10,6,15,1,0.6344,0.8363,0.7604,0.7983,59.70,1215
6,3,10,8,10,1,0.6943,0.8055,0.6208,0.7131,62.03,1296
6,3,10,8,10,4,0.6970,0.5652,0.8122,0.6887,60.89,1300
6,3,10,8,15,4,0.6210,0.9762,0.6650,0.8206,59.18,1225
6,3,15,1,5,1,0.5781,0.7794,0.9372,0.8583,54.98,1165
6,3,15,1,5,4,0.5900,0.7167,0.9726,0.8446,55.72,1168
6,3,15,1,5,5,0.5947,0.7612,0.9201,0.8406,58.29,1165
6,3,15,2,5,3,0.5897,0.7155,1.0021,0.8588,55.04,1187
6,3,15,3,3,1,0.6050,0.8877,0.7988,0.8433,57.98,1187
6,3,15,3,5,1,0.6104,0.8613,0.8218,0.8415,59.31,1199
6,3,15,3,5,10,0.5821,0.6825,1.0388,0.8606,54.40,1163
6,3,15,3,6,3,0.6185,0.7858,0.8299,0.8078,56.75,1206
6,3,15,3,7,1,0.6106,0.6892,0.9511,0.8201,56.00,1204
6,3,15,3,10,5,0.6232,0.9970,0.6061,0.8015,55.74,1194
6,3,15,4,3,4,0.6165,0.6477,0.9791,0.8134,56.57,1203
6,3,15,4,4,5,0.6157,0.7243,0.9574,0.8409,58.38,1208
6,3,15,4,6,10,0.5983,0.8954,0.7500,0.8227,57.45,1178
6,3,15,4,10,10,0.5838,0.9204,0.8000,0.8602,53.47,1170
6,3,15,4,15,10,0.5267,1.1337,0.7380,0.9359,49.92,1121
6,3,15,5,4,1,0.6242,0.6590,0.9816,0.8203,59.83,1219
6,3,15,6,4,4,0.6485,0.6758,0.8330,0.7544,57.95,1230
6,3,15,8,3,2,0.6442,0.6807,0.8749,0.7778,61.91,1228
6,3,15,8,5,10,0.6146,0.6344,1.0062,0.8203,55.65,1198
6,3,15,8,7,1,0.6543,0.9705,0.6007,0.7856,60.43,1245
6,3,20,1,10,2,0.4856,1.2063,0.8168,1.0116,50.01,1055
6,3,20,2,3,1,0.4961,1.0617,0.9322,0.9970,51.52,1061
6,3,20,2,4,3,0.4953,1.0189,0.8994,0.9592,49.75,1068
6,3,20,2,4,10,0.4771,0.8316,1.1796,1.0056,48.71,1042
6,3,20,2,5,5,0.4854,1.1084,0.8617,0.9850,48.84,1070
6,3,20,2,7,2,0.4881,0.8963,1.0936,0.9949,48.88,1074
6,3,20,2,15,3,0.4599,1.1993,0.8995,1.0494,49.76,1032
6,3,20,2,15,5,0.4633,1.1482,0.8790,1.0136,48.12,1030
6,3,20,3,4,10,0.4847,0.9270,1.0160,0.9715,48.60,1052
6,3,20,3,7,2,0.5069,1.1436,0.7638,0.9537,50.94,1086
6,3,20,4,15,1,0.4788,1.0801,0.9304,1.0053,48.84,1048
6,3,20,5,15,2,0.4767,0.8897,1.1175,1.0036,47.74,1056
6,3,20,8,10,3,0.5343,0.7740,1.0881,0.9310,52.61,1106
6,5,3,1,3,1,0.5628,0.7826,0.9764,0.8795,54.57,1141
6,5,3,1,6,1,0.5709,0.9998,0.7625,0.8812,53.16,1155
6,5,3,1,10,1,0.5613,0.7890,0.9905,0.8897,54.97,1147
6,5,4,1,3,4,0.5826,0.8938,0.8614,0.8776,53.51,1165
6,5,4,1,5,1,0.5965,0.6317,1.0285,0.8301,54.96,1174
6,5,4,3,3,4,0.6119,0.8367,0.7770,0.8068,55.72,1199
6,5,4,3,5,5,0.6093,0.9389,0.7576,0.8482,55.36,1209
6,5,4,3,6,5,0.6382,0.5991,0.9816,0.7904,59.35,1213
6,5,4,4,5,2,0.6375,0.7942,0.8245,0.8094,59.33,1227
6,5,4,4,5,5,0.6349,0.8723,0.7507,0.8115,57.31,1224
6,5,4,4,7,1,0.6344,0.6473,0.9426,0.7950,59.10,1229
6,5,5,1,4,10,0.5539,1.0554,0.8031,0.9293,55.54,1154
6,5,5,1,7,4,0.6295,0.9762,0.6093,0.7928,60.97,1201
6,5,5,1,10,10,0.5569,0.7740,1.0180,0.8960,53.20,1154
6,5,5,2,10,3,0.6126,0.6504,0.9663,0.8083,55.87,1212
6,5,5,2,15,3,0.5688,0.9901,0.8051,0.8976,52.80,1156
6,5,5,4,5,1,0.6659,0.7284,0.7695,0.7490,62.38,1248
6,5,5,5,5,5,0.6887,0.6040,0.8078,0.7059,64.56,1261
6,5,6,1,15,4,0.5678,0.7951,0.9407,0.8679,54.86,1153
6,5,6,2,3,10,0.5878,1.0695,0.6783,0.8739,57.89,1180
6,5,6,2,4,5,0.6336,0.8202,0.8191,0.8196,56.75,1227
6,5,6,2,5,10,0.6071,0.8907,0.7626,0.8266,54.99,1193
6,5,6,3,3,1,0.6452,0.7529,0.7985,0.7757,61.47,1238
6,5,6,3,3,10,0.6046,0.7902,0.8573,0.8237,58.25,1196
6,5,6,4,3,3,0.6604,0.8501,0.6496,0.7498,62.98,1258
6,5,6,4,3,4,0.6833,0.6089,0.8359,0.7224,62.37,1257
6,5,6,4,5,2,0.6815,0.5570,0.9397,0.7483,63.07,1273
6,5,6,5,3,4,0.6819,0.6640,0.7465,0.7052,61.36,1270
6,5,6,5,4,4,0.6956,0.7507,0.6871,0.7189,63.31,1280
6,5,6,5,7,10,0.6468,0.8120,0.7385,0.7753,60.33,1241
6,5,6,5,10,4,0.6894,0.5824,0.8132,0.6978,61.67,1280
6,5,6,6,10,2,0.6784,0.5520,0.8908,0.7214,63.69,1291
6,5,6,6,15,10,0.6041,0.9364,0.7602,0.8483,56.84,1177
6,5,10,1,6,3,0.6639,0.6261,0.8600,0.7430,59.57,1255
6,5,10,1,7,10,0.6182,0.8855,0.7645,0.8250,57.07,1208
6,5,10,2,5,1,0.6711,0.6156,0.8292,0.7224,59.67,1271
6,5,10,2,5,2,0.6845,0.8921,0.5708,0.7315,63.93,1275
6,5,10,2,15,2,0.6105,0.8781,0.7875,0.8328,56.62,1200
6,5,10,3,4,2,0.6958,0.6577,0.7038,0.6808,64.58,1290
6,5,10,3,4,3,0.7032,0.6630,0.7496,0.7063,64.73,1291
6,5,10,3,4,5,0.6932,0.7420,0.6236,0.6828,64.29,1286
6,5,10,3,6,4,0.7036,0.5419,0.8908,0.7163,65.26,1303
6,5,10,4,5,3,0.7277,0.5625,0.6980,0.6303,63.88,1320
6,5,10,4,6,1,0.7140,0.7787,0.6056,0.6921,66.33,1320
6,5,10,4,7,10,0.6640,0.8963,0.6163,0.7563,62.29,1266
6,5,10,5,5,4,0.7331,0.5796,0.6700,0.6248,66.50,1337
6,5,10,8,3,3,0.7550,0.6444,0.5483,0.5963,69.33,1340
6,5,10,8,7,4,0.7505,0.8842,1.0358,0.9600,66.25,1372
6,5,10,8,10,3,0.7516,0.5650,0.6919,0.6285,66.37,1354
6,5,15,1,5,10,0.5734,0.8941,0.9092,0.9017,56.86,1158
6,5,15,1,7,1,0.5978,0.7672,0.9286,0.8479,57.91,1199
6,5,15,2,3,2,0.6217,0.9009,0.7432,0.8221,57.25,1204
6,5,15,3,4,1,0.6331,0.7175,0.8723,0.7949,58.82,1226
6,5,15,4,4,10,0.6156,0.6889,0.9294,0.8092,57.17,1200
6,5,15,4,15,1,0.5991,0.9133,0.7431,0.8282,58.20,1180
6,5,15,5,5,1,0.6799,0.8673,0.6063,0.7368,61.62,1261
6,5,15,5,10,1,0.6539,0.6275,0.9356,0.7816,58.99,1254
6,5,15,8,6,5,0.7019,0.8740,0.4814,0.6777,61.62,1283
6,5,15,8,15,2,0.6309,0.9340,0.6225,0.7782,58.13,1206
6,5,20,2,3,5,0.4945,0.9757,0.9637,0.9697,52.02,1082
6,5,20,2,6,2,0.5101,1.1193,0.7733,0.9463,51.52,1095
6,5,20,2,15,3,0.4864,1.1758,0.8462,1.0110,47.44,1051
6,5,20,3,3,2,0.5101,1.0352,0.9021,0.9686,52.16,1095
6,5,20,3,4,4,0.5218,0.7794,1.1099,0.9447,52.28,1101
6,5,20,3,5,5,0.5270,0.7469,1.1457,0.9463,52.48,1103
6,5,20,4,3,3,0.5371,0.8365,0.9817,0.9091,51.69,1106
6,5,20,4,15,10,0.4877,0.7969,1.1714,0.9842,47.57,1043
6,5,20,5,5,10,0.5128,1.0095,0.9040,0.9567,51.91,1092
6,5,20,5,10,1,0.5509,0.8316,0.9871,0.9094,55.59,1117
6,5,20,6,3,5,0.5278,1.1443,0.7555,0.9499,54.19,1117
6,10,3,1,5,5,0.5981,0.8266,0.8707,0.8486,57.65,1181
6,10,3,1,7,3,0.6019,0.7513,0.8851,0.8182,58.17,1188
6,10,3,1,10,10,0.5634,1.0057,0.7320,0.8688,55.22,1142
6,10,3,3,3,2,0.6161,0.6928,0.9871,0.8399,60.05,1206
6,10,3,3,6,5,0.6361,0.8572,0.7071,0.7821,61.05,1220
6,10,4,1,15,4,0.5760,0.8460,0.9090,0.8775,56.88,1148
6,10,4,2,4,4,0.6285,0.7394,0.8924,0.8159,60.68,1223
6,10,4,2,6,10,0.6153,0.7294,0.8948,0.8121,58.07,1189
6,10,4,3,6,1,0.6587,0.8824,0.6046,0.7435,58.89,1249
6,10,4,4,5,2,0.6690,0.5637,0.9012,0.7324,62.67,1265
6,10,4,4,10,2,0.6784,0.6842,0.8244,0.7543,60.40,1258
6,10,5,1,5,2,0.6460,0.9029,0.6258,0.7644,60.59,1231
6,10,5,2,6,1,0.6691,0.9039,0.5339,0.7189,60.55,1255
6,10,5,3,6,5,0.6898,0.5750,0.8626,0.7188,61.97,1276
6,10,5,4,3,1,0.6993,0.5571,0.8121,0.6846,65.75,1273
6,10,5,4,3,4,0.6770,0.6211,0.8411,0.7311,61.94,1276
6,10,5,4,7,3,0.7199,0.7752,0.5519,0.6636,64.16,1302
6,10,5,5,5,5,0.6948,0.5720,0.8581,0.7150,63.09,1306
6,10,5,5,15,2,0.6403,0.6057,0.9632,0.7845,57.96,1226
6,10,5,5,15,10,0.5992,0.6760,1.0256,0.8508,56.82,1184
6,10,6,1,3,3,0.6316,0.6645,0.9093,0.7869,58.28,1237
6,10,6,1,3,5,0.6323,0.9585,0.6265,0.7925,59.62,1233
6,10,6,1,4,3,0.6530,0.6559,0.8664,0.7612,57.90,1246
6,10,6,1,4,5,0.6613,0.7302,0.8216,0.7759,59.82,1242
6,10,6,1,7,4,0.6804,0.8692,0.6141,0.7416,62.14,1257
6,10,6,3,7,2,0.6948,0.6185,0.7578,0.6881,60.84,1306
6,10,6,4,3,1,0.6941,0.5774,0.8251,0.7012,60.91,1297
6,10,6,4,3,5,0.7069,0.8171,0.5911,0.7041,65.44,1297
6,10,6,4,5,1,0.7360,0.5121,0.7872,0.6497,66.24,1317
6,10,6,5,6,5,0.7405,0.7589,0.5230,0.6410,64.14,1340
6,10,6,6,4,10,0.7038,0.6182,0.7821,0.7001,62.59,1278
6,10,10,1,5,2,0.7070,0.8324,0.5524,0.6924,65.25,1292
6,10,10,3,4,4,0.7447,0.6157,0.6473,0.6315,66.16,1342
6,10,10,3,7,10,0.7016,0.4845,0.8687,0.6766,64.46,1291
6,10,10,4,3,3,0.7730,0.5553,0.5799,0.5676,67.73,1355
6,10,10,4,4,10,0.7227,0.8040,0.5703,0.6872,65.31,1297
6,10,10,4,6,1,0.7823,0.6225,0.5617,0.5921,69.54,1382
6,10,10,5,7,1,0.7997,0.4632,0.6210,0.5421,70.11,1413
6,10,10,6,10,5,0.8068,0.4984,0.5914,0.5449,70.23,1406
6,10,10,8,6,5,0.8669,0.5127,0.3659,0.4393,73.74,1460
6,10,10,8,7,3,0.8800,0.4514,0.3040,0.3777,77.04,1500
6,10,10,8,15,1,0.6961,0.5514,0.9022,0.7268,64.66,1302
6,10,15,1,4,1,0.6473,0.6089,0.9637,0.7863,60.61,1222
6,10,15,1,5,5,0.6277,0.9760,0.6411,0.8086,60.30,1228
6,10,15,1,6,2,0.6408,0.8211,0.7738,0.7974,57.96,1235
6,10,15,2,15,4,0.6097,0.9182,0.7207,0.8195,57.54,1185
6,10,15,3,7,5,0.6818,0.8960,0.5655,0.7307,59.83,1277
6,10,15,3,10,10,0.6298,0.6890,0.8954,0.7922,60.31,1219
6,10,15,4,4,1,0.6816,0.6902,0.7845,0.7373,60.15,1283
6,10,15,4,10,5,0.6822,0.6489,0.8121,0.7305,60.86,1283
6,10,15,5,4,2,0.7000,0.7748,0.6509,0.7128,61.06,1302
6,10,15,5,5,1,0.7107,0.6507,0.6735,0.6621,64.43,1306
6,10,15,5,15,2,0.6498,0.7870,0.7273,0.7571,59.92,1226
6,10,15,6,3,5,0.6981,0.7842,0.6261,0.7051,61.47,1298
6,10,15,6,4,5,0.7192,0.8218,0.5263,0.6740,63.87,1309
6,10,15,6,7,5,0.7181,0.6983,0.6586,0.6784,66.62,1325
6,10,15,6,15,3,0.6484,0.8631,0.6382,0.7507,60.40,1236
6,10,15,8,7,10,0.6961,0.8221,0.5600,0.6910,61.69,1276
6,10,15,8,15,3,0.6684,0.6282,0.8452,0.7367,59.13,1243
6,10,20,1,10,5,0.5072,0.9379,1.0074,0.9727,50.22,1096
6,10,20,2,3,1,0.5274,0.9473,0.9764,0.9619,50.06,1105
6,10,20,2,3,4,0.5325,0.7374,1.1146,0.9260,49.84,1107
6,10,20,2,5,4,0.5342,1.0605,0.8164,0.9385,52.24,1116
6,10,20,2,5,5,0.5351,0.8338,0.9972,0.9155,51.85,1114
6,10,20,2,10,5,0.5443,0.9936,0.8599,0.9268,54.04,1110
6,10,20,3,3,3,0.5329,0.9815,0.9327,0.9571,50.18,1120
6,10,20,3,5,5,0.5527,0.7913,1.0569,0.9241,54.85,1127
6,10,20,3,6,3,0.5572,0.6858,1.0836,0.8847,55.02,1132
6,10,20,3,6,10,0.5363,1.0707,0.8299,0.9503,54.45,1100
6,10,20,3,7,1,0.5366,0.7974,1.0616,0.9295,54.06,1130
6,10,20,4,7,4,0.5616,0.7904,0.9667,0.8786,55.57,1143
6,10,20,4,7,10,0.5335,0.7520,1.1090,0.9305,53.71,1111
6,10,20,5,10,10,0.5487,0.8533,0.9372,0.8953,52.19,1112
6,10,20,6,7,5,0.5760,0.7653,0.9382,0.8517,53.17,1157
6,10,20,6,15,4,0.5321,1.0124,0.8585,0.9355,52.44,1104
6,10,20,8,6,3,0.5870,1.0055,0.6794,0.8424,57.89,1164
6,10,20,8,7,1,0.5668,0.7813,1.0265,0.9039,52.86,1162
6,10,20,8,10,10,0.5313,0.9538,0.9220,0.9379,54.39,1122
6,10,20,8,15,4,0.5262,1.1345,0.7475,0.9410,51.64,1108
6,20,3,2,5,2,0.5184,1.1024,0.7919,0.9472,53.20,1094
6,20,3,2,5,10,0.4907,0.8826,1.0914,0.9870,49.57,1066
6,20,4,1,4,1,0.5078,0.8124,1.0723,0.9424,48.23,1092
6,20,4,2,7,3,0.5495,0.7790,1.0629,0.9210,53.03,1116
6,20,4,2,15,10,0.4775,0.9414,1.0188,0.9801,48.03,1041
6,20,4,3,3,3,0.5489,1.0728,0.7129,0.8929,51.84,1116
6,20,4,3,3,5,0.5489,1.0227,0.8500,0.9363,54.52,1113
6,20,4,3,4,4,0.5391,0.9724,0.8794,0.9259,51.16,1121
6,20,4,3,7,2,0.5392,0.9056,0.8989,0.9023,50.39,1128
6,20,4,3,10,1,0.5479,0.7978,1.0137,0.9057,53.07,1119
6,20,4,4,5,4,0.5482,0.7784,1.0746,0.9265,54.10,1136
6,20,4,4,6,1,0.5559,0.9765,0.8168,0.8966,53.43,1136
6,20,4,4,7,10,0.5415,0.8908,0.9760,0.9334,54.80,1107
6,20,5,1,4,3,0.5333,1.0223,0.8033,0.9128,54.64,1110
6,20,5,1,6,1,0.5485,0.8345,1.0143,0.9244,55.18,1114
6,20,5,1,10,10,0.5060,1.1439,0.7606,0.9523,50.08,1080
6,20,5,2,5,5,0.5309,0.7757,1.0851,0.9304,52.85,1127
6,20,5,2,15,1,0.5049,1.1133,0.8693,0.9913,50.90,1080
6,20,5,2,15,2,0.5173,0.7820,1.1725,0.9772,50.02,1081
6,20,5,3,4,1,0.5525,0.9281,0.9315,0.9298,53.88,1136
6,20,5,3,6,4,0.5692,0.7286,1.0202,0.8744,53.03,1145
6,20,5,3,10,5,0.5638,0.7495,1.0815,0.9155,54.71,1136
6,20,5,4,3,10,0.5463,0.9526,0.8421,0.8973,53.26,1110
6,20,5,4,6,5,0.5777,0.8191,0.9159,0.8675,56.18,1154
6,20,5,4,6,10,0.5408,0.7875,1.0281,0.9078,50.39,1122
6,20,6,1,5,2,0.5556,1.0671,0.7777,0.9224,54.38,1127
6,20,6,1,10,4,0.5335,1.0092,0.8334,0.9213,51.55,1123
6,20,6,2,5,5,0.5531,0.8141,1.0096,0.9119,51.47,1141
6,20,6,2,6,3,0.5580,0.7755,0.9751,0.8753,53.87,1146
6,20,6,2,15,4,0.5100,0.8809,1.0585,0.9697,51.53,1093
6,20,6,2,15,5,0.5202,1.0242,0.8846,0.9544,52.56,1092
6,20,6,2,15,10,0.4890,0.8752,1.1408,1.0080,49.32,1066
6,20,6,3,5,10,0.5338,0.8993,1.0121,0.9557,51.41,1123
6,20,6,5,4,4,0.5885,0.7292,1.0180,0.8736,57.15,1173
6,20,6,6,3,5,0.5922,0.8939,0.8013,0.8476,55.32,1171
6,20,6,6,15,3,0.5563,0.8094,1.0438,0.9266,52.68,1130
6,20,10,1,4,2,0.5692,1.0249,0.7410,0.8829,55.36,1148
6,20,10,1,6,3,0.5840,0.9811,0.7730,0.8771,57.76,1156
6,20,10,2,3,2,0.5749,0.9553,0.8477,0.9015,53.24,1158
6,20,10,2,3,4,0.5626,0.8015,0.9583,0.8799,53.26,1158
6,20,10,2,4,1,0.5894,1.0572,0.6964,0.8768,58.33,1162
6,20,10,2,4,4,0.5751,0.7674,0.9734,0.8704,55.22,1165
6,20,10,2,5,5,0.5685,0.6914,1.0841,0.8877,53.07,1167
6,20,10,2,7,1,0.5872,0.8758,0.8638,0.8698,53.94,1171
6,20,10,2,7,4,0.5906,0.7657,0.9292,0.8474,54.83,1173
6,20,10,3,5,2,0.5977,1.0461,0.6666,0.8564,59.00,1185
6,20,10,3,6,2,0.6194,0.9313,0.6627,0.7970,59.52,1188
6,20,10,5,5,5,0.6171,0.7575,0.9136,0.8356,60.06,1206
6,20,10,5,10,3,0.6000,0.8346,0.8408,0.8377,58.68,1204
6,20,10,5,10,5,0.6111,0.9408,0.7068,0.8238,56.09,1201
6,20,10,6,3,2,0.6129,0.9087,0.6987,0.8037,57.00,1203
6,20,10,6,5,2,0.6452,0.8000,0.7921,0.7960,57.54,1217
6,20,10,6,5,5,0.6210,0.8079,0.8301,0.8190,58.09,1214
6,20,10,6,10,2,0.6105,0.8916,0.7943,0.8429,57.76,1211
6,20,10,8,3,2,0.6241,0.7668,0.8055,0.7861,57.63,1210
6,20,15,1,3,2,0.5340,1.0142,0.8490,0.9316,54.77,1104
6,20,15,2,10,1,0.5411,0.9101,0.9536,0.9318,55.21,1122
6,20,15,2,15,2,0.5216,0.9566,0.9205,0.9386,51.72,1081
6,20,15,3,3,1,0.5412,0.9723,0.8817,0.9270,53.33,1130
6,20,15,4,3,4,0.5718,0.8838,0.9081,0.8960,53.93,1143
6,20,15,4,4,1,0.5585,0.8410,0.9796,0.9103,54.66,1147
6,20,15,4,6,5,0.5705,0.8738,0.9151,0.8944,53.73,1154
6,20,15,4,7,2,0.5845,0.6559,1.0479,0.8519,54.76,1157
6,20,15,4,7,4,0.5777,1.0193,0.7171,0.8682,56.43,1157
6,20,15,5,5,4,0.5707,0.7520,1.0007,0.8763,52.31,1163
6,20,15,5,6,4,0.5820,0.8185,0.9397,0.8791,57.30,1165
6,20,15,5,7,4,0.5789,0.7281,1.0515,0.8898,53.22,1166
6,20,15,6,7,2,0.5813,1.0086,0.7403,0.8745,57.54,1173
6,20,15,6,10,3,0.5809,0.7569,0.9464,0.8517,53.62,1165
6,20,15,8,3,10,0.5465,0.8076,0.9769,0.8922,53.06,1129
6,20,15,8,7,1,0.5845,1.0203,0.7059,0.8631,56.67,1176
6,20,15,8,7,5,0.5962,0.9845,0.7374,0.8610,54.62,1176
6,20,20,1,4,1,0.4411,1.2192,0.9069,1.0630,45.63,1015
6,20,20,1,4,10,0.4243,1.0442,1.0930,1.0686,47.51,994
6,20,20,1,10,1,0.4433,1.1859,0.8779,1.0319,46.51,1015
6,20,20,2,3,1,0.4518,1.0149,1.0728,1.0438,48.72,1022
6,20,20,2,7,10,0.4397,0.9990,1.0890,1.0440,45.02,1010
6,20,20,3,4,3,0.4613,1.0438,0.9580,1.0009,46.69,1038
6,20,20,4,6,4,0.4953,0.8008,1.1362,0.9685,51.87,1051
6,20,20,5,7,10,0.4699,1.0595,0.9874,1.0234,50.52,1033
6,20,20,5,10,3,0.4859,1.0073,0.9824,0.9948,50.28,1052
6,20,20,5,10,4,0.4888,1.1009,0.8750,0.9879,49.39,1052
6,20,20,8,3,3,0.4876,0.9491,0.9960,0.9725,47.84,1056
6,20,20,8,5,2,0.4964,0.8383,1.1053,0.9718,50.97,1064
6,20,20,8,5,3,0.4795,1.1679,0.8425,1.0052,50.36,1064
6,20,20,8,10,1,0.4991,1.0343,0.8932,0.9638,50.72,1059
6,20,20,8,10,10,0.4726,1.1347,0.9265,1.0306,50.27,1035
7,2,3,1,7,3,0.5407,0.7508,1.0874,0.9191,53.69,1116
7,2,3,3,4,4,0.5499,0.9212,0.9422,0.9317,53.90,1136
7,2,3,3,10,5,0.5387,0.9545,0.9329,0.9437,54.23,1133
7,2,4,1,5,10,0.5146,0.7861,1.1380,0.9621,52.89,1100
7,2,4,1,7,4,0.5417,1.0266,0.8262,0.9264,55.02,1135
7,2,4,1,15,4,0.5002,1.0155,0.9490,0.9822,51.80,1083
7,2,4,2,7,3,0.5662,0.9669,0.8522,0.9095,53.76,1151
7,2,4,3,3,5,0.5560,0.9833,0.8549,0.9191,52.78,1148
7,2,4,3,4,5,0.5693,0.8265,0.9553,0.8909,55.25,1154
7,2,4,3,7,3,0.5657,0.7751,0.9660,0.8706,56.14,1166
7,2,4,3,15,5,0.5336,0.9795,0.9308,0.9551,50.54,1107
7,2,5,1,3,1,0.5428,0.9355,0.8689,0.9022,52.61,1136
7,2,5,1,6,1,0.5535,0.7142,1.0977,0.9060,51.22,1149
7,2,5,1,15,3,0.5087,1.0240,0.8976,0.9608,53.11,1099
7,2,5,2,6,10,0.5471,0.8358,1.0208,0.9283,51.94,1133
7,2,5,2,7,2,0.5852,0.9650,0.7150,0.8400,53.97,1169
7,2,5,2,10,4,0.5532,0.9853,0.7886,0.8870,54.21,1161
7,2,5,2,15,10,0.5074,1.0073,0.8782,0.9427,48.42,1083
7,2,5,3,3,1,0.5719,1.0708,0.6838,0.8773,52.84,1166
7,2,5,3,10,1,0.5677,0.8609,0.9289,0.8949,52.65,1173
7,2,5,4,15,5,0.5474,1.0055,0.8521,0.9288,52.37,1134
7,2,6,1,3,4,0.5721,0.9532,0.8462,0.8997,54.03,1152
7,2,6,2,4,2,0.5855,0.8322,0.9318,0.8820,55.35,1176
7,2,6,2,4,10,0.5515,1.0536,0.8069,0.9302,54.82,1140
7,2,6,3,10,4,0.6009,0.9271,0.7085,0.8178,55.10,1192
7,2,6,3,15,4,0.5648,0.8854,0.9363,0.9108,55.26,1139
7,2,6,4,7,4,0.6164,0.7036,0.9248,0.8142,55.81,1216
7,2,6,4,15,4,0.5543,0.9268,0.8829,0.9048,52.70,1151
7,2,6,5,4,4,0.6203,0.9911,0.5933,0.7922,59.82,1217
7,2,6,5,5,4,0.6060,0.8376,0.7901,0.8138,56.98,1223
7,2,6,5,7,2,0.6336,0.9226,0.6289,0.7758,57.71,1227
7,2,6,5,7,4,0.6442,0.7642,0.8383,0.8012,59.56,1227
7,2,6,6,5,5,0.6251,0.9378,0.6359,0.7869,58.19,1228
7,2,10,1,5,2,0.6039,1.0115,0.7091,0.8603,57.35,1192
7,2,10,1,7,1,0.5957,0.7928,0.8861,0.8395,56.59,1194
7,2,10,2,4,2,0.6150,0.9508,0.6713,0.8111,57.57,1207
7,2,10,2,4,5,0.6078,0.9150,0.7344,0.8247,55.97,1204
7,2,10,2,7,2,0.6266,0.9769,0.5894,0.7832,57.87,1217
7,2,10,3,3,1,0.6134,0.7550,0.8652,0.8101,58.28,1213
7,2,10,4,4,2,0.6508,0.8771,0.6932,0.7851,60.79,1240
7,2,10,4,5,2,0.6634,0.6849,0.8339,0.7594,58.49,1246
7,2,10,4,6,5,0.6490,0.7918,0.7080,0.7499,60.30,1247
7,2,10,5,5,2,0.6528,0.8034,0.7087,0.7561,61.86,1259
7,2,10,8,7,5,0.6728,0.5641,0.9425,0.7533,60.14,1279
7,2,15,1,4,5,0.5539,1.0149,0.8261,0.9205,51.50,1142
7,2,15,1,10,5,0.5519,0.8368,0.9455,0.8912,55.18,1142
7,2,15,1,15,1,0.5146,1.1502,0.7773,0.9637,49.15,1097
7,2,15,2,6,1,0.5626,0.8568,0.9763,0.9165,53.07,1166
7,2,15,2,10,1,0.5814,0.6820,1.0178,0.8499,56.24,1158
7,2,15,3,3,1,0.5737,0.7194,0.9897,0.8545,55.25,1166
7,2,15,3,4,3,0.5887,0.8046,0.9328,0.8687,57.04,1176
7,2,15,4,7,3,0.6006,0.7548,0.9542,0.8545,54.65,1199
7,2,15,4,10,4,0.6115,1.0040,0.6849,0.8445,56.94,1188
7,2,15,5,3,3,0.5955,0.9193,0.7930,0.8562,55.22,1192
7,2,15,5,4,5,0.6099,0.7085,0.9242,0.8163,58.08,1196
7,2,15,5,15,1,0.5504,0.8273,0.9517,0.8895,54.35,1143
7,2,15,6,7,3,0.6192,0.6198,0.9730,0.7964,56.98,1217
7,2,15,6,10,2,0.6039,0.8908,0.7910,0.8409,57.56,1206
7,2,20,1,3,5,0.4534,1.0655,1.0110,1.0383,48.34,1036
7,2,20,1,6,3,0.4777,1.1522,0.8944,1.0233,49.19,1048
7,2,20,1,10,3,0.4651,1.1505,0.8973,1.0239,48.33,1042
7,2,20,2,3,1,0.4642,0.9309,1.1592,1.0450,48.93,1048
7,2,20,2,5,4,0.4861,1.2149,0.8200,1.0174,47.44,1057
7,2,20,2,6,2,0.4912,1.1789,0.8232,1.0010,50.12,1059
7,2,20,2,10,4,0.4713,0.8318,1.2007,1.0162,46.21,1054
7,2,20,3,4,2,0.4856,0.9650,0.9731,0.9690,51.65,1064
7,2,20,3,5,2,0.4815,1.0453,0.9727,1.0090,49.66,1068
7,2,20,3,7,4,0.4910,0.9088,1.0608,0.9848,48.36,1071
7,2,20,4,15,10,0.4254,1.1884,0.9660,1.0772,47.15,1012
7,2,20,5,7,4,0.4941,1.1357,0.8395,0.9876,50.94,1087
7,2,20,6,4,3,0.5121,1.0230,0.8523,0.9377,52.56,1086
7,2,20,6,4,5,0.5027,0.9602,0.9432,0.9517,48.85,1084
7,2,20,8,3,10,0.4823,1.1411,0.8807,1.0109,51.06,1057
7,2,20,8,6,1,0.5209,1.0686,0.8273,0.9480,49.93,1094
7,2,20,8,6,2,0.5115,0.9580,0.9924,0.9752,49.01,1096
7,2,20,8,10,2,0.5036,0.9224,1.0458,0.9841,50.52,1090
7,3,3,1,4,2,0.5365,0.7475,1.1107,0.9291,53.96,1122
7,3,3,2,4,5,0.5410,0.9940,0.8148,0.9044,53.51,1136
7,3,3,2,5,3,0.5559,1.0966,0.7399,0.9183,51.49,1143
7,3,3,2,6,3,0.5531,0.9532,0.8600,0.9066,53.02,1146
7,3,3,2,10,2,0.5437,0.7314,1.1160,0.9237,55.35,1138
7,3,3,3,4,2,0.5596,0.7421,1.1016,0.9218,55.41,1152
7,3,3,3,7,1,0.5484,0.7355,1.1201,0.9278,52.20,1158
7,3,3,3,10,3,0.5730,0.6913,1.0312,0.8613,55.27,1152
7,3,4,1,4,5,0.5525,1.0855,0.7501,0.9178,53.53,1140
7,3,4,1,5,5,0.5543,0.7240,1.1170,0.9205,52.16,1145
7,3,4,2,5,4,0.5689,0.9977,0.7886,0.8932,53.54,1164
7,3,4,2,6,10,0.5440,0.9564,0.8972,0.9268,50.76,1132
7,3,4,2,7,1,0.5791,1.0097,0.7065,0.8581,56.22,1165
7,3,4,2,7,5,0.5802,0.6627,1.0443,0.8535,55.21,1165
7,3,4,3,3,3,0.5825,0.7907,0.9331,0.8619,53.27,1168
7,3,4,3,6,2,0.6056,1.0063,0.6864,0.8464,58.42,1182
7,3,4,3,10,3,0.5797,0.6964,1.0257,0.8610,53.16,1175
7,3,4,4,3,10,0.5525,1.0199,0.7857,0.9028,55.81,1143
7,3,4,4,4,5,0.5939,0.7676,0.9005,0.8341,55.70,1184
7,3,4,4,5,1,0.6115,0.8159,0.8485,0.8322,55.24,1189
7,3,5,1,5,10,0.5434,0.8148,0.9916,0.9032,51.31,1131
7,3,5,2,3,5,0.5915,0.8478,0.8320,0.8399,57.15,1169
7,3,5,2,6,2,0.6021,0.6994,0.9826,0.8410,58.08,1186
7,3,5,3,4,5,0.6069,0.8509,0.8005,0.8257,56.27,1192
7,3,5,3,10,10,0.5553,0.9206,0.9302,0.9254,54.58,1156
7,3,5,4,3,2,0.6085,0.9226,0.7643,0.8434,55.76,1200
7,3,5,4,5,4,0.6052,1.0180,0.6648,0.8414,59.11,1213
7,3,5,5,5,3,0.6248,0.9749,0.6680,0.8214,59.26,1226
7,3,6,2,3,5,0.5982,0.9802,0.6757,0.8280,54.92,1185
7,3,6,3,4,1,0.6128,0.9418,0.6981,0.8199,59.63,1209
7,3,6,3,4,10,0.5695,0.6995,1.0449,0.8722,54.16,1171
7,3,6,3,7,10,0.5906,0.8265,0.8825,0.8545,58.39,1180
7,3,6,4,3,4,0.6180,0.8809,0.7459,0.8134,56.41,1218
7,3,6,4,4,3,0.6187,0.9451,0.7112,0.8282,59.26,1227
7,3,6,4,15,2,0.5847,0.7320,1.0047,0.8684,55.52,1168
7,3,6,5,4,5,0.6506,0.6359,0.8800,0.7580,58.87,1235
7,3,6,5,4,10,0.5961,0.7770,0.9378,0.8574,56.42,1194
7,3,6,5,5,3,0.6471,0.6629,0.8996,0.7812,59.79,1246
7,3,6,5,7,1,0.6484,0.9381,0.5608,0.7494,62.22,1247
7,3,6,5,15,4,0.5935,1.0390,0.6446,0.8418,57.83,1177
7,3,6,6,3,3,0.6345,0.5883,0.9780,0.7832,61.13,1239
7,3,6,6,4,10,0.6064,0.7091,0.9934,0.8512,55.28,1202
7,3,10,2,7,10,0.6016,1.0191,0.6733,0.8462,54.94,1194
7,3,10,2,10,10,0.5867,0.6645,1.0542,0.8594,57.11,1185
7,3,10,2,15,5,0.5579,0.8017,0.9831,0.8924,52.37,1166
7,3,10,3,6,5,0.6487,0.7725,0.7941,0.7833,59.16,1254
7,3,10,3,7,3,0.6628,0.8527,0.6674,0.7600,59.91,1259
7,3,10,4,5,10,0.6187,0.8159,0.7862,0.8010,58.26,1221
7,3,10,5,3,2,0.6501,0.8147,0.6839,0.7493,60.31,1267
7,3,10,5,3,4,0.6592,0.6155,0.9322,0.7739,58.31,1267
7,3,10,5,4,10,0.6361,0.6552,0.9107,0.7829,57.28,1227
7,3,10,5,7,4,0.6864,0.5768,0.8857,0.7312,62.84,1290
7,3,10,5,15,1,0.6007,1.0350,0.6739,0.8545,58.54,1205
7,3,10,5,15,5,0.6119,0.8979,0.7684,0.8331,55.55,1205
7,3,10,6,3,10,0.6127,0.7269,0.9137,0.8203,55.80,1227
7,3,10,6,5,5,0.6789,0.8189,0.6678,0.7434,59.79,1291
7,3,10,6,6,4,0.6889,0.6953,0.7155,0.7054,63.92,1300
7,3,10,6,10,1,0.6913,0.8054,0.6067,0.7060,61.13,1284
7,3,10,8,4,2,0.6846,0.5630,0.8429,0.7030,60.70,1296
7,3,10,8,4,4,0.6834,0.6430,0.7576,0.7003,63.08,1296
7,3,10,8,5,3,0.7111,0.7908,0.5764,0.6836,64.28,1305
7,3,10,8,10,1,0.6853,0.7901,0.6357,0.7129,62.47,1292
7,3,15,1,3,3,0.5593,0.9673,0.8127,0.8900,54.39,1155
7,3,15,1,4,10,0.5297,0.9359,0.9420,0.9390,51.40,1126
7,3,15,1,6,2,0.5737,0.8346,0.9665,0.9005,56.92,1168
7,3,15,2,3,5,0.5842,0.8465,0.8494,0.8480,58.03,1169
7,3,15,2,4,2,0.5947,0.9495,0.7133,0.8314,56.75,1178
7,3,15,2,5,1,0.5854,1.0131,0.7431,0.8781,54.77,1181
7,3,15,2,6,3,0.6021,0.6663,1.0055,0.8359,57.26,1187
7,3,15,4,10,10,0.5749,0.9290,0.8009,0.8650,54.87,1168
7,3,15,5,4,3,0.6184,0.6383,1.0054,0.8218,57.55,1220
7,3,15,5,5,4,0.6158,0.6542,0.9514,0.8028,56.38,1225
7,3,15,5,10,10,0.5861,0.8668,0.8379,0.8523,56.67,1178
7,3,15,6,6,2,0.6385,0.9394,0.5929,0.7661,57.46,1237
7,3,15,6,6,4,0.6422,0.7002,0.9019,0.8010,60.95,1237
7,3,15,8,4,3,0.6548,0.5511,0.9281,0.7396,62.75,1235
7,3,15,8,5,5,0.6313,0.7566,0.8149,0.7858,60.11,1237
7,3,15,8,10,2,0.6215,0.8264,0.7535,0.7899,58.66,1234
7,3,20,1,7,1,0.4798,1.0258,0.9693,0.9976,48.87,1058
7,3,20,2,4,5,0.4787,0.9173,1.1246,1.0210,49.31,1065
7,3,20,2,4,10,0.4799,1.0200,0.9697,0.9948,49.02,1040
7,3,20,2,5,10,0.4725,0.8755,1.1519,1.0137,48.34,1044
7,3,20,3,5,10,0.4764,0.9569,1.0389,0.9979,49.80,1054
7,3,20,3,10,2,0.4854,0.8897,1.1363,1.0130,51.61,1077
7,3,20,5,5,2,0.5198,0.9235,0.9903,0.9569,49.10,1098
7,3,20,6,4,10,0.4968,0.8705,1.0674,0.9690,52.19,1071
7,3,20,6,5,2,0.5198,0.8113,1.0515,0.9314,49.18,1103
7,3,20,6,15,1,0.4649,0.9861,1.0375,1.0118,47.60,1058
7,3,20,8,6,4,0.5369,0.7279,1.1219,0.9249,51.01,1110
7,3,20,8,6,5,0.5124,1.0024,0.8782,0.9403,52.48,1108
7,3,20,8,10,10,0.4861,1.1602,0.8203,0.9902,47.78,1075
7,5,3,1,5,2,0.5458,0.7782,1.1002,0.9392,53.70,1152
7,5,3,1,5,10,0.5206,0.8224,1.0961,0.9593,52.00,1118
7,5,3,1,7,10,0.5457,0.8407,1.0332,0.9370,52.68,1122
7,5,3,2,4,3,0.5569,0.7694,0.9923,0.8809,52.62,1165
7,5,3,2,5,4,0.5716,0.8851,0.8665,0.8758,52.56,1169
7,5,3,2,10,10,0.5559,0.8528,0.9552,0.9040,55.49,1130
7,5,3,3,3,2,0.5699,0.9699,0.7950,0.8825,52.64,1172
7,5,3,3,4,3,0.5837,0.7557,1.0018,0.8788,55.82,1180
7,5,3,3,5,1,0.5877,0.9932,0.7615,0.8774,56.87,1182
7,5,3,3,10,3,0.5890,0.6872,1.0001,0.8436,55.29,1180
7,5,4,1,3,2,0.5687,0.9392,0.7819,0.8605,57.12,1162
7,5,4,1,6,2,0.5987,0.9737,0.6783,0.8260,56.51,1177
7,5,4,1,15,5,0.5371,1.0330,0.7998,0.9164,51.04,1118
7,5,4,3,5,4,0.6235,0.6349,1.0286,0.8317,60.17,1209
7,5,4,3,7,1,0.6176,0.7258,0.9369,0.8313,55.57,1211
7,5,4,3,10,3,0.6091,0.6536,1.0121,0.8329,54.99,1205
7,5,4,4,5,3,0.6097,0.8523,0.8175,0.8349,57.31,1225
7,5,4,4,15,5,0.5673,0.9800,0.8202,0.9001,52.11,1158
7,5,5,1,3,3,0.5817,0.7237,1.0547,0.8892,57.79,1183
7,5,5,1,4,1,0.5902,0.7960,0.9308,0.8634,57.05,1187
7,5,5,1,15,3,0.5506,0.8623,1.0021,0.9322,52.98,1137
7,5,5,2,6,4,0.6089,0.9523,0.6804,0.8163,56.33,1218
7,5,5,3,3,4,0.6069,0.7133,0.9586,0.8359,56.92,1218
7,5,5,3,4,3,0.6233,0.6061,0.9901,0.7981,59.90,1227
7,5,5,3,4,10,0.6030,0.7634,0.9596,0.8615,58.66,1184
7,5,5,3,10,4,0.6288,0.6849,0.9668,0.8259,59.52,1226
7,5,5,3,15,4,0.5810,0.7799,0.9338,0.8568,56.41,1168
7,5,5,4,6,2,0.6665,0.8876,0.5773,0.7324,61.79,1252
7,5,5,4,15,4,0.5947,0.7824,0.8716,0.8270,56.63,1180
7,5,5,5,3,2,0.6451,0.5766,0.9500,0.7633,57.44,1245
7,5,5,5,4,1,0.6486,0.8849,0.6758,0.7803,58.83,1251
7,5,5,5,4,4,0.6405,0.7686,0.7961,0.7823,61.38,1254
7,5,5,5,6,10,0.6231,0.6496,0.9743,0.8120,58.97,1217
7,5,5,5,10,4,0.6396,0.9464,0.6678,0.8071,57.79,1254
7,5,6,1,7,5,0.6180,0.7489,0.8384,0.7937,59.61,1214
7,5,6,1,10,4,0.6221,0.7884,0.8700,0.8292,58.63,1206
7,5,6,2,15,10,0.5509,1.0822,0.7848,0.9335,51.81,1133
7,5,6,3,4,2,0.6386,0.9451,0.6634,0.8043,61.07,1246
7,5,6,3,7,5,0.6492,0.7190,0.8757,0.7973,60.35,1255
7,5,6,3,10,1,0.6590,0.6827,0.8600,0.7713,58.87,1243
7,5,6,3,10,10,0.5909,0.8262,0.8976,0.8619,55.87,1201
7,5,6,4,3,4,0.6591,0.8751,0.6569,0.7660,61.46,1254
7,5,6,4,5,10,0.6158,0.9351,0.6673,0.8012,60.21,1221
7,5,6,4,10,10,0.6066,0.9758,0.6777,0.8268,55.01,1215
7,5,6,5,4,2,0.6894,0.6731,0.7209,0.6970,62.16,1277
7,5,6,6,3,10,0.6155,0.6807,1.0088,0.8448,57.63,1227
7,5,10,1,5,4,0.6460,0.5942,0.9233,0.7588,57.84,1247
7,5,10,1,6,1,0.6370,0.9647,0.6174,0.7910,58.33,1247
7,5,10,1,6,5,0.6360,0.9112,0.6679,0.7895,60.06,1247
7,5,10,1,7,10,0.6068,0.9441,0.7003,0.8222,58.57,1206
7,5,10,1,15,1,0.6010,0.9683,0.7615,0.8649,56.06,1176
7,5,10,2,5,2,0.6620,0.5880,0.9191,0.7535,59.98,1271
7,5,10,3,7,2,0.6902,0.6393,0.7792,0.7093,61.61,1300
7,5,10,4,4,5,0.7092,0.7151,0.6364,0.6758,63.03,1302
7,5,10,5,10,5,0.7237,0.7486,0.5871,0.6678,64.09,1319
7,5,10,8,4,5,0.7240,0.6778,0.6003,0.6391,66.22,1342
7,5,10,8,15,3,0.6388,0.8753,0.6700,0.7727,61.23,1259
7,5,15,1,3,1,0.5810,1.0210,0.6855,0.8532,57.68,1179
7,5,15,1,3,5,0.5928,0.8274,0.9227,0.8751,56.07,1179
7,5,15,1,4,1,0.6065,0.8255,0.8817,0.8536,55.02,1187
7,5,15,2,5,4,0.6049,0.7089,1.0094,0.8591,55.37,1214
7,5,15,3,3,3,0.6218,0.8422,0.7694,0.8058,60.17,1219
7,5,15,3,4,5,0.6157,1.0039,0.6070,0.8055,58.01,1224
7,5,15,3,7,1,0.6395,0.9362,0.6687,0.8025,60.68,1234
7,5,15,3,10,2,0.6317,0.7130,0.8834,0.7982,58.33,1226
7,5,15,3,10,4,0.6307,0.8744,0.7500,0.8122,57.50,1226
7,5,15,4,3,3,0.6514,0.5649,0.9617,0.7633,58.54,1234
7,5,15,4,3,4,0.6316,0.8243,0.7837,0.8040,60.47,1233
7,5,15,4,5,1,0.6406,0.8535,0.7577,0.8056,58.90,1245
7,5,15,4,10,10,0.6029,0.8553,0.7725,0.8139,56.07,1197
7,5,15,4,15,4,0.5948,0.7789,0.9422,0.8606,57.18,1180
7,5,15,5,4,5,0.6675,0.5800,0.9076,0.7438,60.43,1251
7,5,15,5,15,2,0.5825,0.7042,1.0666,0.8854,53.84,1190
7,5,20,1,4,2,0.4775,0.9874,0.9711,0.9793,49.93,1074
7,5,20,1,5,2,0.5018,1.0118,0.9608,0.9863,50.25,1077
7,5,20,1,6,3,0.4955,0.8225,1.1321,0.9773,51.19,1080
7,5,20,1,7,10,0.4641,1.0114,1.0082,1.0098,49.20,1053
7,5,20,1,10,5,0.4940,0.8189,1.1957,1.0073,52.03,1072
7,5,20,3,10,3,0.5050,0.7933,1.1223,0.9578,51.59,1099
7,5,20,3,15,2,0.4774,0.8573,1.1211,0.9892,50.22,1059
7,5,20,3,15,10,0.4427,0.8965,1.1991,1.0478,48.44,1033
7,5,20,4,4,4,0.5229,0.9243,0.9257,0.9250,49.25,1109
7,5,20,5,3,1,0.5260,0.9831,0.8519,0.9175,50.76,1109
7,5,20,5,5,3,0.5266,0.9502,0.9050,0.9276,51.39,1121
7,5,20,6,3,10,0.5094,0.8217,1.1317,0.9767,50.07,1087
7,5,20,6,10,10,0.5132,0.8870,1.0489,0.9679,52.92,1092
7,5,20,8,10,10,0.5178,0.8774,1.0610,0.9692,53.55,1096
7,10,3,1,3,2,0.5690,0.7067,1.0707,0.8887,55.98,1169
7,10,3,1,6,1,0.5717,0.9710,0.7868,0.8789,54.44,1181
7,10,3,1,15,10,0.5224,0.8018,1.0703,0.9360,51.66,1095
7,10,3,2,4,1,0.5971,1.0441,0.6755,0.8598,57.67,1192
7,10,3,2,4,10,0.5486,0.9619,0.8435,0.9027,52.69,1156
7,10,3,3,3,5,0.5880,1.0035,0.7104,0.8570,58.15,1201
7,10,3,3,10,5,0.6124,0.7748,0.9163,0.8456,57.33,1208
7,10,3,3,15,10,0.5192,1.1331,0.7617,0.9474,50.52,1121
7,10,4,1,15,2,0.5682,0.8593,0.9562,0.9077,52.61,1146
7,10,4,2,4,5,0.6174,0.9870,0.6626,0.8248,59.10,1217
7,10,4,3,15,5,0.5799,0.8997,0.8444,0.8720,56.31,1175
7,10,4,4,3,3,0.6475,0.6885,0.8318,0.7601,60.17,1247
7,10,5,1,3,5,0.6184,0.8521,0.7518,0.8019,57.24,1211
7,10,5,1,5,3,0.6116,0.8961,0.7979,0.8470,56.94,1229
7,10,5,1,15,1,0.5616,0.7237,1.0433,0.8835,55.17,1162
7,10,5,3,4,2,0.6612,0.7551,0.7194,0.7373,60.34,1265
7,10,5,3,4,3,0.6637,0.5976,0.8709,0.7342,60.65,1266
7,10,5,3,5,3,0.6771,0.7612,0.7339,0.7476,60.57,1273
7,10,5,4,4,3,0.6645,0.7291,0.7678,0.7485,61.12,1284
7,10,5,4,5,2,0.6934,0.5756,0.8853,0.7305,62.46,1290
7,10,5,4,6,4,0.6856,0.6429,0.7502,0.6966,63.85,1295
7,10,5,4,7,4,0.6957,0.6702,0.7364,0.7033,65.12,1297
7,10,5,4,10,3,0.6627,0.6203,0.9029,0.7616,60.59,1284
7,10,5,4,15,2,0.6267,0.6797,0.9241,0.8019,57.04,1212
7,10,5,5,4,10,0.6477,0.8898,0.6995,0.7946,60.83,1244
7,10,5,5,15,5,0.6159,0.8822,0.7351,0.8087,59.19,1220
7,10,5,5,15,10,0.5864,0.9786,0.7288,0.8537,53.60,1181
7,10,6,1,3,1,0.6140,0.8172,0.8229,0.8200,55.37,1230
7,10,6,1,3,3,0.6338,0.9422,0.6070,0.7746,60.15,1234
7,10,6,1,5,4,0.6496,0.6454,0.8984,0.7719,61.40,1248
7,10,6,1,7,4,0.6561,0.8182,0.7398,0.7790,62.08,1253
7,10,6,1,7,10,0.6074,0.8561,0.7842,0.8201,56.38,1207
7,10,6,2,4,1,0.6551,0.6346,0.9125,0.7735,62.84,1263
7,10,6,3,10,4,0.6995,0.8564,0.5524,0.7044,65.53,1288
7,10,6,4,4,2,0.7009,0.5693,0.8497,0.7095,65.39,1308
7,10,6,4,4,5,0.7040,0.7931,0.5646,0.6789,61.62,1304
7,10,6,4,5,4,0.7186,0.5761,0.7491,0.6626,66.80,1317
7,10,6,5,6,2,0.7312,0.6658,0.6254,0.6456,66.04,1340
7,10,6,5,15,2,0.6355,0.7394,0.8716,0.8055,58.12,1243
7,10,10,1,4,3,0.6811,0.5645,0.9325,0.7485,61.49,1282
7,10,10,1,10,1,0.6846,0.6371,0.8517,0.7444,60.44,1277
7,10,10,2,10,10,0.6453,0.7108,0.8471,0.7789,58.64,1253
7,10,10,3,4,10,0.6672,0.9218,0.6166,0.7692,61.05,1274
7,10,10,3,7,3,0.7271,0.6584,0.6995,0.6790,63.58,1357
7,10,10,4,10,2,0.7504,0.7715,0.4300,0.6008,67.27,1363
7,10,10,5,4,4,0.7661,0.6402,0.5517,0.5959,66.99,1387
7,10,10,5,6,2,0.8059,0.5348,0.4943,0.5146,71.53,1410
7,10,10,5,15,1,0.6672,0.7099,0.7916,0.7507,63.61,1279
7,10,10,5,15,10,0.6339,0.9021,0.6946,0.7983,61.01,1231
7,10,10,6,7,1,0.7925,0.4813,0.6685,0.5749,70.33,1428
7,10,10,6,7,5,0.8065,0.3678,0.6863,0.5270,68.57,1428
7,10,10,6,10,10,0.7050,0.6410,0.6921,0.6665,62.15,1321
7,10,10,6,15,5,0.6887,0.7677,0.6634,0.7156,63.63,1289
7,10,10,8,15,1,0.6870,0.5448,0.8786,0.7117,63.53,1298
7,10,15,1,6,2,0.6358,0.9337,0.6686,0.8011,56.88,1232
7,10,15,2,3,10,0.5955,1.0263,0.6339,0.8301,56.40,1192
7,10,15,2,5,10,0.6108,0.8922,0.7764,0.8343,57.98,1205
7,10,15,2,7,10,0.6041,0.7312,0.9058,0.8185,55.28,1209
7,10,15,3,3,4,0.6589,0.7942,0.7632,0.7787,59.78,1255
7,10,15,3,6,1,0.6703,0.8556,0.6271,0.7414,59.29,1273
7,10,15,3,7,4,0.6883,0.6457,0.8185,0.7321,60.92,1277
7,10,15,3,7,10,0.6342,0.6912,0.8934,0.7923,60.17,1227
7,10,15,4,3,3,0.6659,0.8497,0.6159,0.7328,61.52,1274
7,10,15,4,4,2,0.6791,0.8909,0.6099,0.7504,64.33,1283
7,10,15,4,4,10,0.6428,0.7902,0.7631,0.7767,57.08,1231
7,10,15,4,5,5,0.6931,0.6966,0.7177,0.7072,61.01,1287
7,10,15,5,6,3,0.6966,0.7684,0.6288,0.6986,61.30,1312
7,10,15,5,10,10,0.6510,0.6741,0.9000,0.7871,59.77,1244
7,10,15,5,15,2,0.6287,0.9718,0.5894,0.7806,59.13,1223
7,10,15,6,6,5,0.6940,0.8299,0.5357,0.6828,60.86,1319
7,10,15,6,10,5,0.7025,0.5271,0.8441,0.6856,62.34,1305
7,10,15,8,4,10,0.6441,0.9358,0.5909,0.7633,59.36,1260
7,10,15,8,5,4,0.7150,0.4980,0.8597,0.6789,63.48,1328
7,10,15,8,7,1,0.7184,0.7139,0.6695,0.6917,65.91,1331
7,10,15,8,7,2,0.7318,0.7186,0.5902,0.6544,63.82,1335
7,10,15,8,10,1,0.6925,0.7674,0.6729,0.7201,65.09,1315
7,10,15,8,15,1,0.6343,0.9342,0.6077,0.7710,57.24,1236
7,10,20,1,5,1,0.5123,0.8717,1.0514,0.9615,48.54,1098
7,10,20,1,7,3,0.5280,1.0357,0.8808,0.9582,50.05,1104
7,10,20,1,10,10,0.4866,0.9900,0.9839,0.9870,49.48,1068
7,10,20,1,15,10,0.4540,1.1327,0.9674,1.0501,45.95,1031
7,10,20,2,6,3,0.5260,0.9889,0.9283,0.9586,53.28,1117
7,10,20,3,3,2,0.5374,0.8339,1.0347,0.9343,53.99,1117
7,10,20,3,3,10,0.4968,0.9108,1.0836,0.9972,49.44,1087
7,10,20,3,5,4,0.5422,0.8767,0.9575,0.9171,51.55,1127
7,10,20,5,3,5,0.5547,1.0608,0.7497,0.9052,51.78,1134
7,10,20,5,5,3,0.5482,0.9957,0.7923,0.8940,55.15,1147
7,10,20,5,5,4,0.5664,0.8571,0.8992,0.8781,53.04,1147
7,10,20,6,3,5,0.5580,0.8371,0.9539,0.8955,55.30,1140
7,10,20,6,7,10,0.5304,1.0243,0.8024,0.9133,49.69,1123
7,10,20,8,3,2,0.5727,0.7578,0.9723,0.8651,53.13,1147
7,10,20,8,4,4,0.5635,1.0604,0.7568,0.9086,55.90,1153
7,10,20,8,7,2,0.5804,0.9482,0.8221,0.8852,54.84,1162
7,10,20,8,7,5,0.5628,0.8463,0.9487,0.8975,54.56,1160
7,20,3,1,6,10,0.4606,1.0946,0.9721,1.0334,46.90,1054
7,20,3,1,10,3,0.4937,1.0637,0.8594,0.9616,47.75,1076
7,20,3,1,15,5,0.4566,0.9243,1.1614,1.0428,49.07,1036
7,20,3,2,3,1,0.5047,0.9020,1.0106,0.9563,51.55,1081
7,20,3,2,10,3,0.5113,0.9060,1.0153,0.9606,49.71,1089
7,20,3,3,3,2,0.5179,0.9167,0.9709,0.9438,52.85,1095
7,20,4,1,6,2,0.5062,0.8679,1.0923,0.9801,52.91,1098
7,20,4,1,15,5,0.4709,1.1208,0.9381,1.0294,50.64,1051
7,20,4,2,4,3,0.5216,0.9495,0.9090,0.9293,49.59,1107
7,20,4,3,3,5,0.5424,0.9099,0.9603,0.9351,52.09,1111
7,20,4,3,4,10,0.4990,0.9051,1.0941,0.9996,49.38,1089
7,20,4,3,6,3,0.5388,0.8835,0.9604,0.9219,51.17,1126
7,20,4,3,7,1,0.5413,1.1011,0.7469,0.9240,55.10,1124
7,20,4,3,15,1,0.4874,1.1157,0.8368,0.9762,51.35,1075
7,20,4,4,5,2,0.5335,0.8542,0.9651,0.9097,50.72,1134
7,20,4,4,15,4,0.4969,0.8504,1.1337,0.9921,51.85,1086
7,20,4,4,15,5,0.5124,0.9513,1.0098,0.9805,48.89,1084
7,20,5,1,15,4,0.4822,0.9762,1.0263,1.0013,47.72,1067
7,20,5,2,5,4,0.5376,0.9172,0.9176,0.9174,54.28,1127
7,20,5,3,3,10,0.5032,0.9110,0.9931,0.9520,49.23,1098
7,20,5,3,6,10,0.5335,0.8547,1.0377,0.9462,50.21,1110
7,20,5,3,15,2,0.5044,1.0549,0.9074,0.9811,51.13,1091
7,20,6,2,4,4,0.5436,1.0681,0.7273,0.8977,53.99,1136
7,20,6,2,6,10,0.5224,0.7929,1.0580,0.9254,51.97,1111
7,20,6,2,7,5,0.5597,0.7155,1.0928,0.9041,52.65,1142
7,20,6,3,3,1,0.5385,0.7804,1.1008,0.9406,53.94,1142
7,20,6,3,6,3,0.5667,0.8240,0.9650,0.8945,53.94,1158
7,20,6,4,3,4,0.5606,1.0939,0.7176,0.9057,51.90,1155
7,20,6,4,4,4,0.5736,0.9877,0.8195,0.9036,56.23,1162
7,20,6,4,7,10,0.5427,0.7239,1.0814,0.9026,54.10,1135
7,20,6,5,4,1,0.5874,0.7726,0.9573,0.8650,54.13,1169
7,20,6,5,10,2,0.5786,0.6928,1.0096,0.8512,54.14,1171
7,20,6,5,15,10,0.5173,1.0584,0.8540,0.9562,51.02,1091
7,20,6,6,3,3,0.5798,0.7937,0.9074,0.8506,57.39,1172
7,20,6,6,7,5,0.5818,0.7543,0.9777,0.8660,57.08,1185
7,20,10,1,15,5,0.5209,1.0563,0.8111,0.9337,52.13,1098
7,20,10,2,3,5,0.5684,0.7946,0.9324,0.8635,56.64,1154
7,20,10,2,10,5,0.5670,0.8871,0.8838,0.8854,52.11,1160
7,20,10,3,4,2,0.5708,1.0389,0.7756,0.9072,54.32,1177
7,20,10,3,4,10,0.5560,0.6874,1.0692,0.8783,56.29,1141
7,20,10,3,5,1,0.5969,0.8822,0.8029,0.8426,54.56,1180
7,20,10,3,5,3,0.5784,0.9660,0.7614,0.8637,54.00,1183
7,20,10,4,4,3,0.6033,0.9458,0.7021,0.8240,57.10,1191
7,20,10,4,7,2,0.6032,0.8794,0.8085,0.8439,54.45,1200
7,20,10,5,5,10,0.5658,1.0275,0.7881,0.9078,56.39,1167
7,20,10,6,5,4,0.6321,0.8708,0.7366,0.8037,57.86,1214
7,20,10,6,7,4,0.6147,0.6733,1.0031,0.8382,57.99,1219
7,20,10,6,10,5,0.6035,0.8007,0.8894,0.8450,55.09,1206
7,20,10,8,4,2,0.6097,0.9789,0.6875,0.8332,56.22,1215
7,20,10,8,4,10,0.5803,1.0012,0.7732,0.8872,54.13,1174
7,20,10,8,15,2,0.5720,0.8390,0.9620,0.9005,52.52,1158
7,20,15,1,6,2,0.5178,0.9951,0.9444,0.9698,49.50,1114
7,20,15,1,7,3,0.5305,1.0696,0.7559,0.9128,51.40,1116
7,20,15,2,7,5,0.5393,0.9964,0.8841,0.9402,52.66,1128
7,20,15,2,15,1,0.4822,0.9531,1.0246,0.9889,51.03,1078
7,20,15,2,15,2,0.4971,1.1667,0.7826,0.9746,47.71,1080
7,20,15,3,7,2,0.5541,1.0484,0.7825,0.9154,54.12,1143
7,20,15,4,5,5,0.5504,0.8185,1.0350,0.9268,54.65,1149
7,20,15,4,6,1,0.5517,1.0066,0.8559,0.9312,52.77,1152
7,20,15,5,10,10,0.5272,0.8631,1.0057,0.9344,50.78,1122
7,20,15,5,15,5,0.5250,0.9604,0.9023,0.9313,52.78,1107
7,20,15,6,3,5,0.5666,0.8917,0.8420,0.8668,56.70,1153
7,20,15,6,4,10,0.5442,0.7691,1.1061,0.9376,52.10,1128
7,20,15,6,5,1,0.5574,0.9053,0.8507,0.8780,54.48,1165
7,20,15,6,10,10,0.5474,0.8033,0.9882,0.8957,50.88,1128
7,20,15,8,7,3,0.5931,0.7237,1.0172,0.8704,54.66,1177
7,20,20,1,4,2,0.4397,0.9042,1.2010,1.0526,47.74,1015
7,20,20,1,6,4,0.4574,1.2177,0.8416,1.0296,49.76,1020
7,20,20,1,10,5,0.4468,0.9199,1.1689,1.0444,48.83,1013
7,20,20,2,3,2,0.4524,1.0544,0.9655,1.0100,48.18,1022
7,20,20,2,4,5,0.4539,1.1517,0.9412,1.0464,48.88,1024
7,20,20,2,4,10,0.4400,1.1922,0.9448,1.0685,45.89,1003
7,20,20,3,4,1,0.4612,1.0517,0.9627,1.0072,49.41,1034
7,20,20,3,5,2,0.4619,0.9630,1.0480,1.0055,49.47,1039
7,20,20,3,5,3,0.4482,0.9007,1.2225,1.0616,47.27,1039
7,20,20,3,7,1,0.4696,1.0826,0.9370,1.0098,50.24,1040
7,20,20,4,5,4,0.4711,1.0489,0.9457,0.9973,46.06,1047
7,20,20,5,4,2,0.4746,0.9262,1.1073,1.0167,49.02,1050
7,20,20,5,5,2,0.4728,1.1329,0.8861,1.0095,47.97,1054
7,20,20,5,5,10,0.4423,0.8852,1.1881,1.0367,47.73,1029
7,20,20,5,7,2,0.4731,1.1777,0.8430,1.0104,49.22,1056
7,20,20,5,7,3,0.4643,0.8478,1.1491,0.9985,46.78,1057
7,20,20,6,3,5,0.4639,0.9616,1.0529,1.0072,46.56,1049
7,20,20,6,4,3,0.4780,1.0144,0.9575,0.9859,50.34,1055
7,20,20,6,5,4,0.4800,1.0458,0.9695,1.0076,48.31,1058
7,20,20,6,7,3,0.4832,1.1811,0.8589,1.0200,51.10,1062
7,20,20,8,15,2,0.4603,1.0874,0.9229,1.0051,49.50,1023
8,2,3,1,4,3,0.5119,1.0059,0.8864,0.9462,52.23,1103
8,2,3,2,3,1,0.5092,0.8677,1.0199,0.9438,49.74,1109
8,2,3,2,4,3,0.5134,0.9005,1.0084,0.9544,49.48,1117
8,2,3,3,15,2,0.4918,0.9299,1.0125,0.9712,48.04,1086
8,2,4,1,3,4,0.5005,0.8621,1.1056,0.9838,48.00,1115
8,2,4,1,15,1,0.4704,0.9721,1.0567,1.0144,46.62,1076
8,2,4,2,3,10,0.4936,0.9992,0.9411,0.9701,51.64,1099
8,2,4,2,4,1,0.5330,0.8755,0.9657,0.9206,52.73,1134
8,2,4,2,4,3,0.5336,0.8068,1.0545,0.9306,51.91,1137
8,2,4,2,10,2,0.5156,0.8579,1.0260,0.9419,52.22,1136
8,2,4,2,15,1,0.4997,0.9331,0.9778,0.9555,47.94,1090
8,2,4,2,15,5,0.4844,0.8733,1.0943,0.9838,47.93,1090
8,2,4,4,3,3,0.5524,0.8979,0.9261,0.9120,53.90,1156
8,2,4,4,15,4,0.5204,0.9165,1.0094,0.9630,53.51,1114
8,2,5,1,6,4,0.5351,1.0505,0.8435,0.9470,53.12,1145
8,2,5,1,15,4,0.5084,1.1865,0.7873,0.9869,48.99,1093
8,2,5,2,15,1,0.5220,1.1105,0.8146,0.9625,49.31,1105
8,2,5,3,5,2,0.5678,0.7050,1.0785,0.8918,56.82,1173
8,2,5,3,15,2,0.5189,0.9556,0.9219,0.9388,52.50,1119
8,2,5,4,5,4,0.5811,0.7560,1.0078,0.8819,55.44,1186
8,2,5,4,10,5,0.5694,0.8607,0.8859,0.8733,55.22,1179
8,2,5,5,7,4,0.5752,0.8660,0.8705,0.8683,56.57,1201
8,2,6,1,6,1,0.5485,0.7148,1.0657,0.8903,54.77,1157
8,2,6,1,6,3,0.5444,0.8543,0.9846,0.9195,54.70,1160
8,2,6,2,6,1,0.5817,0.8823,0.8330,0.8576,54.58,1175
8,2,6,2,15,1,0.5213,1.0587,0.8818,0.9703,51.84,1118
8,2,6,3,4,5,0.5633,0.9840,0.8099,0.8969,53.39,1182
8,2,6,3,5,5,0.5791,0.8508,0.9133,0.8820,57.16,1187
8,2,6,4,3,4,0.5729,0.7695,1.0376,0.9036,56.84,1191
8,2,6,4,5,3,0.5994,1.0086,0.6689,0.8387,56.51,1204
8,2,6,5,3,3,0.5823,0.7321,0.9973,0.8647,55.35,1202
8,2,10,1,6,4,0.5736,0.8687,0.8397,0.8542,53.01,1188
8,2,10,1,7,1,0.5841,0.8343,0.8721,0.8532,53.31,1187
8,2,10,2,7,4,0.5892,1.0485,0.7159,0.8822,58.37,1209
8,2,10,2,10,1,0.5917,1.0213,0.7188,0.8700,56.58,1196
8,2,10,3,3,10,0.5750,0.9074,0.8044,0.8559,55.15,1168
8,2,10,3,6,1,0.6095,0.8100,0.8590,0.8345,58.21,1222
8,2,10,5,3,3,0.6361,0.9416,0.6557,0.7986,59.12,1235
8,2,10,5,3,10,0.5672,1.0038,0.8174,0.9106,56.38,1191
8,2,10,6,6,10,0.6040,0.8247,0.8759,0.8503,55.88,1215
8,2,10,6,7,1,0.6234,1.0067,0.6197,0.8132,56.69,1261
8,2,10,6,7,5,0.6351,0.6379,0.9446,0.7913,59.53,1261
8,2,10,8,4,5,0.6382,0.7548,0.7935,0.7742,61.09,1256
8,2,10,8,5,4,0.6455,0.8515,0.7410,0.7963,58.15,1266
8,2,15,1,15,2,0.5130,0.9499,0.9730,0.9614,50.06,1093
8,2,15,2,5,1,0.5470,0.8027,0.9777,0.8902,52.32,1156
8,2,15,2,5,3,0.5524,1.0876,0.7232,0.9054,52.42,1159
8,2,15,2,6,5,0.5440,1.0547,0.7677,0.9112,51.18,1159
8,2,15,3,3,3,0.5397,1.1356,0.7438,0.9397,54.23,1163
8,2,15,3,5,2,0.5615,1.1029,0.7250,0.9139,56.56,1173
8,2,15,3,5,3,0.5712,0.7781,1.0070,0.8925,55.44,1174
8,2,15,3,7,10,0.5429,0.8879,0.9537,0.9208,54.07,1141
8,2,15,3,10,10,0.5332,1.0182,0.8161,0.9172,54.12,1133
8,2,15,5,4,2,0.5748,0.9662,0.7844,0.8753,53.99,1191
8,2,15,5,5,5,0.5776,0.9521,0.7917,0.8719,53.18,1194
8,2,15,5,10,3,0.5803,0.8743,0.8187,0.8465,56.00,1192
8,2,15,6,6,4,0.6040,0.6547,1.0153,0.8350,57.50,1207
8,2,15,6,7,5,0.5988,0.7581,0.9335,0.8458,57.28,1206
8,2,15,6,15,10,0.5148,0.8481,1.0621,0.9551,49.78,1112
8,2,15,8,7,4,0.6073,0.6416,1.0377,0.8396,55.77,1215
8,2,15,8,10,3,0.5803,0.9988,0.7017,0.8502,56.48,1206
8,2,20,1,6,10,0.4365,1.1550,0.9344,1.0447,48.27,1018
8,2,20,4,3,3,0.4724,0.9883,1.0127,1.0005,49.76,1064
8,2,20,4,7,4,0.4813,1.0666,0.8987,0.9827,50.21,1075
8,2,20,4,10,10,0.4594,1.1218,0.9129,1.0174,48.95,1042
8,2,20,4,15,1,0.4366,0.9613,1.1405,1.0509,46.14,1030
8,2,20,5,3,1,0.4922,0.8323,1.1874,1.0099,48.28,1068
8,2,20,5,15,3,0.4405,0.9342,1.1203,1.0272,45.93,1038
8,2,20,6,3,3,0.4814,0.9289,1.0635,0.9962,50.96,1076
8,2,20,8,3,5,0.4725,1.0192,1.0394,1.0293,50.20,1077
8,2,20,8,4,1,0.4838,1.1584,0.7958,0.9771,48.45,1083
8,2,20,8,5,10,0.4576,0.9676,1.1027,1.0352,49.27,1061
8,2,20,8,7,2,0.4927,0.8903,1.0692,0.9798,51.36,1091
8,2,20,8,10,2,0.4970,1.0561,0.8692,0.9626,51.52,1084
8,2,20,8,15,4,0.4574,1.0826,0.9721,1.0274,46.97,1046
8,2,20,8,15,10,0.4285,1.1101,1.0001,1.0551,43.48,1022
8,3,3,1,4,1,0.5018,0.8044,1.1743,0.9894,48.79,1114
8,3,3,1,6,10,0.4847,1.1110,0.8870,0.9990,48.17,1092
8,3,3,1,7,4,0.5211,0.8158,1.1262,0.9710,53.14,1124
8,3,3,2,3,4,0.5114,0.9740,0.9083,0.9412,49.89,1126
8,3,3,2,3,10,0.4865,1.1398,0.8532,0.9965,50.64,1095
8,3,3,2,5,3,0.5271,0.8068,1.0506,0.9287,49.52,1137
8,3,3,2,6,2,0.5373,1.0143,0.8158,0.9151,55.10,1139
8,3,3,2,7,3,0.5503,1.0924,0.7311,0.9118,54.82,1140
8,3,3,3,6,2,0.5546,0.7933,1.0225,0.9079,54.41,1152
8,3,4,1,3,3,0.5218,1.0240,0.8480,0.9360,51.96,1131
8,3,4,1,3,10,0.5021,1.1024,0.8239,0.9632,48.54,1099
8,3,4,1,4,4,0.5351,0.8634,1.0078,0.9356,52.89,1136
8,3,4,1,6,2,0.5305,0.7832,1.0501,0.9167,51.30,1143
8,3,4,1,15,2,0.4910,1.1756,0.7859,0.9807,47.33,1092
8,3,4,1,15,4,0.4807,1.1361,0.9090,1.0225,50.66,1092
8,3,4,2,7,1,0.5588,1.0607,0.7648,0.9128,53.72,1158
8,3,4,3,3,10,0.5138,1.0258,0.8807,0.9533,52.21,1126
8,3,4,3,6,10,0.5332,1.0132,0.8225,0.9179,52.69,1139
8,3,4,3,7,5,0.5653,0.8698,0.9024,0.8861,51.99,1173
8,3,4,3,10,4,0.5577,1.0815,0.6994,0.8905,53.41,1167
8,3,4,4,6,10,0.5589,0.8748,0.9274,0.9011,54.77,1150
8,3,4,4,10,10,0.5345,0.9853,0.8904,0.9379,53.48,1143
8,3,5,1,3,3,0.5397,0.8857,0.9499,0.9178,55.22,1148
8,3,5,1,4,3,0.5501,0.7930,1.0597,0.9263,52.16,1155
8,3,5,1,5,1,0.5408,0.9927,0.9000,0.9464,50.42,1156
8,3,5,1,6,3,0.5562,1.0889,0.6974,0.8931,52.73,1162
8,3,5,2,10,5,0.5573,1.0716,0.6886,0.8801,56.19,1169
8,3,5,2,15,10,0.4997,0.9647,0.9638,0.9643,51.80,1091
8,3,5,3,3,1,0.5762,0.9943,0.7915,0.8929,55.33,1177
8,3,5,3,4,2,0.5592,1.0213,0.7534,0.8873,53.65,1187
8,3,5,4,3,10,0.5506,0.7227,1.0918,0.9073,52.02,1155
8,3,5,5,7,4,0.6036,0.7318,0.9838,0.8578,59.16,1221
8,3,5,5,10,5,0.5829,0.7349,0.9963,0.8656,57.75,1208
8,3,6,1,6,2,0.5831,0.8787,0.8319,0.8553,54.42,1177
8,3,6,1,15,4,0.5321,1.0805,0.7571,0.9188,52.08,1120
8,3,6,2,3,3,0.5681,0.9959,0.7487,0.8723,57.01,1181
8,3,6,2,3,4,0.5791,0.7537,1.0054,0.8796,53.27,1180
8,3,6,2,3,5,0.5661,0.9273,0.8814,0.9043,52.77,1178
8,3,6,2,4,2,0.5709,0.9900,0.7585,0.8743,55.15,1187
8,3,6,2,6,4,0.5976,0.6694,0.9889,0.8292,55.09,1196
8,3,6,2,7,1,0.5781,0.9106,0.8265,0.8685,52.90,1194
8,3,6,2,15,5,0.5293,0.9928,0.8592,0.9260,52.71,1133
8,3,6,3,4,5,0.6000,1.0135,0.6524,0.8329,55.74,1201
8,3,6,3,15,1,0.5424,0.7444,1.1093,0.9269,51.70,1147
8,3,6,3,15,2,0.5465,0.8962,0.9098,0.9030,55.62,1149
8,3,6,4,4,2,0.6168,0.8154,0.8701,0.8428,59.24,1218
8,3,6,4,5,1,0.6034,0.9909,0.6591,0.8250,57.44,1221
8,3,6,5,3,4,0.6050,0.8377,0.8120,0.8248,57.78,1221
8,3,6,5,6,3,0.6089,0.9368,0.7087,0.8227,57.92,1240
8,3,6,5,10,2,0.6023,1.0079,0.6723,0.8401,56.09,1229
8,3,6,5,15,3,0.5556,0.9061,0.8759,0.8910,52.62,1171
8,3,10,1,10,10,0.5586,0.8947,0.8850,0.8898,52.74,1160
8,3,10,2,10,2,0.5979,0.6949,0.9727,0.8338,56.45,1219
8,3,10,2,15,10,0.5275,1.1237,0.7746,0.9492,53.69,1127
8,3,10,3,4,3,0.6366,0.7972,0.8194,0.8083,58.98,1238
8,3,10,3,10,5,0.6263,0.6603,0.9008,0.7805,60.76,1234
8,3,10,3,15,3,0.5697,0.9325,0.7931,0.8628,53.49,1177
8,3,10,4,15,5,0.5886,0.7238,1.0019,0.8628,56.71,1187
8,3,10,5,3,5,0.6402,0.7584,0.7855,0.7719,57.10,1254
8,3,10,5,7,4,0.6609,0.7668,0.7575,0.7622,58.82,1280
8,3,10,6,6,4,0.6765,0.7247,0.7078,0.7163,60.42,1289
8,3,10,6,15,1,0.5791,0.7822,1.0072,0.8947,53.92,1205
8,3,10,8,4,3,0.6787,0.6534,0.8348,0.7441,63.81,1286
8,3,15,1,3,3,0.5274,1.0695,0.8384,0.9539,50.02,1148
8,3,15,1,3,10,0.5199,1.0399,0.8861,0.9630,53.02,1115
8,3,15,1,6,4,0.5502,0.9054,0.8855,0.8955,52.20,1161
8,3,15,2,4,10,0.5440,0.9096,0.9647,0.9371,50.76,1136
8,3,15,2,6,4,0.5592,0.9856,0.7746,0.8801,54.92,1179
8,3,15,2,6,5,0.5755,0.7258,1.0502,0.8880,53.69,1177
8,3,15,2,15,3,0.5061,1.0453,0.8417,0.9435,49.33,1122
8,3,15,3,3,5,0.5838,0.9298,0.8399,0.8849,54.06,1177
8,3,15,3,6,2,0.5978,0.9819,0.7266,0.8543,55.64,1195
8,3,15,3,6,4,0.5926,0.8194,0.8776,0.8485,56.18,1195
8,3,15,3,15,5,0.5125,1.0116,0.8869,0.9492,53.36,1133
8,3,15,4,3,2,0.6001,0.9490,0.7585,0.8537,54.77,1192
8,3,15,4,3,10,0.5497,1.0204,0.8012,0.9108,52.79,1155
8,3,15,4,4,4,0.5805,0.8882,0.8808,0.8845,53.12,1200
8,3,15,5,4,4,0.6073,0.7875,0.8805,0.8340,58.59,1211
8,3,15,5,4,5,0.5937,0.9341,0.8119,0.8730,57.88,1208
8,3,15,6,4,3,0.6055,0.9379,0.7149,0.8264,58.27,1220
8,3,15,6,7,3,0.6242,0.8495,0.8127,0.8311,58.55,1230
8,3,15,8,3,10,0.5665,1.0028,0.7583,0.8805,56.90,1176
8,3,20,3,3,4,0.4667,0.9373,1.1188,1.0281,48.54,1067
8,3,20,3,10,4,0.4771,1.0346,0.9521,0.9933,51.09,1072
8,3,20,3,10,10,0.4685,1.1140,0.9391,1.0266,50.54,1046
8,3,20,4,7,10,0.4622,1.0774,0.9593,1.0184,50.30,1060
8,3,20,4,15,2,0.4581,1.2305,0.8347,1.0326,47.61,1043
8,3,20,4,15,10,0.4291,1.0630,1.1118,1.0874,47.88,1019
8,3,20,5,3,2,0.4844,1.1154,0.8905,1.0029,51.54,1083
8,3,20,5,3,3,0.4737,0.8279,1.1539,0.9909,48.62,1084
8,3,20,5,7,2,0.5011,0.8965,1.1006,0.9986,51.75,1095
8,3,20,8,4,1,0.5075,1.0777,0.8973,0.9875,50.26,1096
8,3,20,8,4,2,0.4866,0.9761,1.0528,1.0144,49.74,1098
8,3,20,8,4,3,0.5098,0.8126,1.1009,0.9568,53.14,1099
8,3,20,8,5,10,0.4794,1.1028,0.9118,1.0073,49.88,1073
8,3,20,8,7,3,0.5112,1.0612,0.8304,0.9458,53.35,1106
8,5,3,1,3,1,0.5237,0.7948,1.1105,0.9526,54.12,1133
8,5,3,1,3,4,0.5387,0.9420,0.8705,0.9062,50.55,1135
8,5,3,1,5,3,0.5489,0.9881,0.8029,0.8955,55.25,1146
8,5,3,1,10,4,0.5241,1.0536,0.8304,0.9420,51.26,1141
8,5,3,1,15,4,0.4841,0.8861,1.0844,0.9853,50.89,1096
8,5,3,1,15,5,0.4973,1.0943,0.8921,0.9932,49.14,1094
8,5,3,2,4,10,0.5175,0.9180,0.9409,0.9294,53.57,1123
8,5,3,2,10,10,0.5231,0.8566,1.0139,0.9353,52.92,1123
8,5,3,3,3,5,0.5522,0.8160,1.0293,0.9226,55.31,1163
8,5,3,3,6,10,0.5244,0.8083,1.0616,0.9350,51.55,1144
8,5,3,3,7,10,0.5385,1.1281,0.7617,0.9449,53.05,1145
8,5,3,3,10,3,0.5576,1.0823,0.7088,0.8955,54.13,1173
8,5,4,1,5,5,0.5543,1.0689,0.7320,0.9005,55.24,1165
8,5,4,1,10,1,0.5715,0.7640,1.0352,0.8996,57.08,1160
8,5,4,1,15,4,0.5108,1.1450,0.7724,0.9587,52.19,1114
8,5,4,3,15,5,0.5458,0.9539,0.9026,0.9282,52.05,1140
8,5,5,1,6,2,0.5845,0.8774,0.8435,0.8604,57.41,1190
8,5,5,2,3,3,0.5840,0.7040,1.0001,0.8521,56.91,1194
8,5,5,2,6,4,0.5872,1.0109,0.7555,0.8832,55.05,1210
8,5,5,2,15,3,0.5493,1.0459,0.7969,0.9214,54.03,1147
8,5,5,3,4,1,0.5904,1.0511,0.6970,0.8740,54.29,1215
8,5,5,3,10,10,0.5787,1.0331,0.6780,0.8555,54.87,1177
8,5,5,3,15,2,0.5712,0.9378,0.7871,0.8624,54.80,1161
8,5,5,3,15,5,0.5548,0.9060,0.8980,0.9020,54.75,1158
8,5,5,4,5,5,0.6090,0.7097,0.9709,0.8403,56.58,1236
8,5,5,4,7,3,0.6327,0.7680,0.7956,0.7818,57.71,1245
8,5,5,4,10,1,0.6281,0.9520,0.7004,0.8262,58.56,1230
8,5,5,5,4,1,0.6188,0.9732,0.6177,0.7955,60.09,1242
8,5,5,5,4,10,0.5749,0.8152,0.9858,0.9005,57.26,1200
8,5,5,5,5,2,0.6299,0.5932,0.9576,0.7754,61.15,1252
8,5,5,5,6,1,0.6270,0.9167,0.6657,0.7912,59.45,1252
8,5,6,1,5,4,0.5874,1.0072,0.7447,0.8760,57.33,1204
8,5,6,1,6,5,0.5903,1.0273,0.7145,0.8709,58.15,1205
8,5,6,1,7,2,0.5932,1.0145,0.6627,0.8386,54.70,1208
8,5,6,1,15,4,0.5383,0.7458,1.0923,0.9191,51.24,1145
8,5,6,2,15,3,0.5501,0.8210,1.0141,0.9175,54.59,1162
8,5,6,3,3,2,0.6190,0.7367,0.9159,0.8263,57.67,1229
8,5,6,3,3,3,0.6101,1.0219,0.6504,0.8362,56.36,1230
8,5,6,3,4,1,0.6195,1.0028,0.6183,0.8106,57.36,1234
8,5,6,3,4,5,0.6213,0.9310,0.7186,0.8248,56.35,1234
8,5,6,3,5,4,0.6229,0.6384,0.9537,0.7961,59.32,1244
8,5,6,6,5,4,0.6640,0.5945,0.8888,0.7417,62.72,1284
8,5,6,6,6,2,0.6796,0.7180,0.7806,0.7493,61.96,1289
8,5,10,1,5,10,0.5832,0.8563,0.8353,0.8458,55.54,1194
8,5,10,1,6,2,0.6363,0.7526,0.8603,0.8065,60.85,1241
8,5,10,1,10,3,0.6289,0.7805,0.8255,0.8030,60.51,1232
8,5,10,1,10,4,0.6061,0.7751,0.8824,0.8287,56.42,1231
8,5,10,2,3,1,0.6163,0.8199,0.8554,0.8377,55.90,1242
8,5,10,2,3,4,0.6468,0.7729,0.7749,0.7739,61.76,1245
8,5,10,2,5,4,0.6321,0.8275,0.7587,0.7931,58.81,1261
8,5,10,2,5,10,0.5858,0.7974,0.9395,0.8685,56.13,1214
8,5,10,3,5,5,0.6676,0.6200,0.8905,0.7552,59.97,1280
8,5,10,3,15,3,0.5895,0.8210,0.8705,0.8457,54.06,1208
8,5,10,4,3,1,0.6712,0.7930,0.6410,0.7170,63.48,1280
8,5,10,4,3,4,0.6606,0.5554,0.9077,0.7316,60.65,1284
8,5,10,4,3,10,0.6158,0.7663,0.8544,0.8104,56.72,1232
8,5,10,5,10,3,0.6843,0.5288,0.9173,0.7231,59.89,1312
8,5,10,5,10,5,0.6910,0.7806,0.6766,0.7286,60.72,1307
8,5,10,6,5,3,0.7023,0.5742,0.7807,0.6775,62.85,1333
8,5,10,6,6,1,0.7088,0.8338,0.5654,0.6996,62.86,1333
8,5,10,8,4,4,0.7043,0.5874,0.7931,0.6902,61.73,1333
8,5,10,8,7,10,0.6536,0.8606,0.6530,0.7568,58.19,1284
8,5,15,1,3,2,0.5729,1.0314,0.7199,0.8757,52.42,1175
8,5,15,1,3,4,0.5632,0.9667,0.7876,0.8772,54.77,1175
8,5,15,1,3,5,0.5650,0.7711,1.0035,0.8873,55.15,1172
8,5,15,1,5,4,0.5862,0.8530,0.8554,0.8542,55.81,1187
8,5,15,1,15,10,0.5145,0.9006,0.9648,0.9327,52.88,1099
8,5,15,2,4,5,0.5941,0.7618,0.8954,0.8286,56.60,1198
8,5,15,3,3,2,0.5982,0.7350,0.9861,0.8605,54.96,1210
8,5,15,3,3,4,0.6000,0.7213,0.9853,0.8533,55.92,1210
8,5,15,3,10,3,0.5933,1.0495,0.6627,0.8561,54.34,1219
8,5,15,4,4,5,0.6082,0.8947,0.7990,0.8468,56.75,1230
8,5,15,4,7,5,0.6268,0.7312,0.9029,0.8170,57.98,1241
8,5,15,4,7,10,0.5710,0.8840,0.8547,0.8694,54.01,1199
8,5,15,4,15,10,0.5438,0.9957,0.8203,0.9080,55.38,1137
8,5,15,5,5,5,0.6275,0.8163,0.7511,0.7837,58.67,1248
8,5,15,6,5,2,0.6364,0.8487,0.7691,0.8089,58.52,1261
8,5,15,8,5,1,0.6316,0.8300,0.7271,0.7785,57.12,1265
8,5,15,8,6,1,0.6478,0.6420,0.8829,0.7625,59.95,1269
8,5,15,8,6,5,0.6560,0.6323,0.9140,0.7732,59.30,1269
8,5,20,1,3,2,0.4711,1.1809,0.8759,1.0284,46.77,1064
8,5,20,1,4,4,0.4657,0.8119,1.1845,0.9982,48.35,1069
8,5,20,2,3,5,0.4701,0.9568,1.0277,0.9923,46.02,1075
8,5,20,2,5,3,0.5047,1.0209,0.8793,0.9501,50.50,1086
8,5,20,2,6,2,0.5018,1.1111,0.7959,0.9535,49.23,1088
8,5,20,2,15,3,0.4535,1.2203,0.8679,1.0441,48.53,1044
8,5,20,3,15,5,0.4770,0.9747,0.9981,0.9864,51.26,1052
8,5,20,4,4,2,0.5008,0.9891,1.0034,0.9962,50.31,1103
8,5,20,4,6,5,0.5050,0.8696,1.1045,0.9870,49.88,1107
8,5,20,4,7,3,0.5257,0.8769,0.9620,0.9194,50.94,1111
8,5,20,4,15,3,0.4698,0.9689,1.1036,1.0362,50.12,1063
8,5,20,5,3,1,0.4982,0.7964,1.1755,0.9859,51.84,1103
8,5,20,5,4,5,0.5057,1.1783,0.7921,0.9852,48.48,1109
8,5,20,5,15,2,0.4768,0.9667,1.0463,1.0065,48.65,1069
8,5,20,5,15,10,0.4681,1.0773,0.9182,0.9977,46.69,1043
8,5,20,6,4,10,0.4941,0.8073,1.1620,0.9847,49.16,1086
8,5,20,8,4,5,0.5177,0.7901,1.1413,0.9657,50.84,1119
8,10,3,1,3,1,0.5517,0.7524,1.0708,0.9116,53.81,1160
8,10,3,1,3,2,0.5562,1.0228,0.8267,0.9247,55.34,1162
8,10,3,1,7,4,0.5621,0.9878,0.7898,0.8888,56.68,1177
8,10,3,1,15,5,0.5098,1.1393,0.7582,0.9487,50.12,1117
8,10,3,2,10,5,0.5748,0.8779,0.8433,0.8606,56.80,1184
8,10,3,3,15,5,0.5456,0.9800,0.8645,0.9222,50.77,1146
8,10,4,1,4,10,0.5484,0.9020,0.9001,0.9011,53.69,1154
8,10,4,1,6,5,0.5945,0.7116,0.9796,0.8456,54.08,1198
8,10,4,2,7,1,0.6129,0.9640,0.6519,0.8079,58.37,1220
8,10,4,2,10,1,0.6062,0.7002,0.9989,0.8495,56.29,1209
8,10,4,4,5,3,0.6457,0.6219,0.9787,0.8003,59.04,1253
8,10,5,1,3,5,0.6001,1.0013,0.7254,0.8634,57.34,1203
8,10,5,1,5,2,0.6207,0.9817,0.6466,0.8141,59.72,1220
8,10,5,1,7,4,0.5932,0.7768,0.8818,0.8293,57.21,1224
8,10,5,2,5,5,0.6262,0.8960,0.7317,0.8139,58.93,1239
8,10,5,3,3,5,0.6248,0.6086,0.9983,0.8034,56.36,1243
8,10,5,4,6,4,0.6554,0.6989,0.8132,0.7560,60.45,1284
8,10,5,5,6,4,0.6791,0.6303,0.8715,0.7509,63.39,1299
8,10,6,1,3,2,0.6159,0.8317,0.8401,0.8359,59.21,1224
8,10,6,1,4,10,0.5645,0.7261,1.1057,0.9159,55.15,1190
8,10,6,1,5,10,0.5953,0.7306,0.9296,0.8301,54.58,1195
8,10,6,1,10,2,0.6072,0.9271,0.7766,0.8519,56.61,1233
8,10,6,2,4,10,0.5947,0.8885,0.7986,0.8435,56.99,1209
8,10,6,2,7,4,0.6637,0.8344,0.6462,0.7403,60.62,1268
8,10,6,2,10,5,0.6434,0.8502,0.6710,0.7606,58.01,1253
8,10,6,3,3,1,0.6550,0.5566,0.9243,0.7404,60.50,1264
8,10,6,3,3,2,0.6384,0.8409,0.6861,0.7635,57.99,1267
8,10,6,3,4,5,0.6411,0.8793,0.7020,0.7906,57.84,1274
8,10,6,3,7,4,0.6662,0.5753,0.9268,0.7511,60.55,1291
8,10,6,3,7,10,0.6334,0.8905,0.7336,0.8121,61.34,1238
8,10,6,4,3,5,0.6623,0.5708,0.9103,0.7406,61.41,1282
8,10,6,4,15,2,0.6153,0.8759,0.7815,0.8287,56.37,1222
8,10,6,6,6,2,0.7095,0.7727,0.5501,0.6614,61.88,1340
8,10,10,1,5,3,0.6584,0.9363,0.5708,0.7536,59.33,1279
8,10,10,1,10,5,0.6456,0.7650,0.7490,0.7570,59.37,1267
8,10,10,2,3,4,0.6569,0.6983,0.8614,0.7798,60.96,1287
8,10,10,2,5,4,0.6937,0.6377,0.7841,0.7109,62.90,1306
8,10,10,2,10,2,0.6700,0.7343,0.7741,0.7542,62.60,1298
8,10,10,3,10,10,0.6362,0.8652,0.6930,0.7791,61.04,1264
8,10,10,4,5,10,0.6634,0.7896,0.6902,0.7399,61.20,1289
8,10,10,5,7,3,0.7661,0.6931,0.5307,0.6119,68.47,1394
8,10,10,5,15,2,0.6524,0.8515,0.6965,0.7740,57.94,1272
8,10,10,6,3,2,0.7484,0.5222,0.7434,0.6328,65.18,1369
8,10,10,6,10,2,0.7428,0.7572,0.5526,0.6549,66.84,1386
8,10,15,1,3,1,0.6034,1.0284,0.6696,0.8490,54.72,1203
8,10,15,2,3,10,0.5675,0.7270,1.0139,0.8704,53.59,1185
8,10,15,2,4,10,0.5895,0.8100,0.8752,0.8426,56.93,1192
8,10,15,2,10,1,0.6212,0.6991,0.9392,0.8191,57.35,1232
8,10,15,2,15,5,0.5639,0.7958,1.0101,0.9029,53.80,1172
8,10,15,3,3,1,0.6125,1.0055,0.6222,0.8138,56.44,1243
8,10,15,3,6,4,0.6497,0.7526,0.8250,0.7888,60.88,1266
8,10,15,4,4,4,0.6661,0.7461,0.7821,0.7641,61.84,1272
8,10,15,4,6,5,0.6624,0.8858,0.6144,0.7501,60.43,1280
8,10,15,4,10,10,0.6173,0.6770,0.9161,0.7966,59.36,1223
8,10,15,4,15,1,0.5894,0.8900,0.8219,0.8560,55.39,1201
8,10,15,5,3,1,0.6597,0.8886,0.5988,0.7437,62.45,1273
8,10,15,5,7,3,0.6904,0.6868,0.7676,0.7272,64.70,1302
8,10,15,6,3,2,0.6555,0.9096,0.5836,0.7466,60.73,1287
8,10,15,6,5,5,0.6764,0.9060,0.5567,0.7314,61.01,1302
8,10,15,6,7,1,0.6720,0.7826,0.6669,0.7248,59.82,1308
8,10,15,6,10,1,0.6892,0.5119,0.9048,0.7084,61.66,1294
8,10,15,6,15,10,0.5711,0.7769,0.9740,0.8754,54.47,1181
8,10,15,8,4,3,0.6940,0.6617,0.7851,0.7234,61.78,1308
8,10,15,8,7,1,0.6894,0.7930,0.6735,0.7332,64.37,1318
8,10,15,8,10,4,0.6811,0.8283,0.6018,0.7150,63.67,1307
8,10,20,1,3,2,0.4916,0.9285,1.0936,1.0111,51.39,1085
8,10,20,1,7,1,0.4995,0.8786,1.0870,0.9828,49.27,1095
8,10,20,1,7,4,0.5104,1.1142,0.8349,0.9745,49.13,1097
8,10,20,1,10,3,0.4881,0.9141,1.0264,0.9703,49.63,1091
8,10,20,1,15,5,0.4678,1.0603,1.0092,1.0347,48.56,1050
8,10,20,2,4,10,0.4884,1.0951,0.8426,0.9689,50.59,1076
8,10,20,2,10,10,0.4904,1.0326,0.9042,0.9684,48.50,1076
8,10,20,3,7,3,0.5139,0.9954,0.8934,0.9444,49.18,1125
8,10,20,3,7,4,0.5181,0.8712,1.0721,0.9717,50.52,1124
8,10,20,4,5,2,0.5182,0.9482,0.9315,0.9399,50.88,1132
8,10,20,4,10,3,0.5130,0.8835,1.0698,0.9767,52.10,1128
8,10,20,4,10,4,0.5330,0.9208,0.9493,0.9351,52.06,1127
8,10,20,4,15,5,0.4947,1.0390,0.9290,0.9840,48.93,1082
8,10,20,5,3,5,0.5343,1.0141,0.8791,0.9466,51.60,1128
8,10,20,6,6,2,0.5462,0.8794,0.9791,0.9293,54.85,1149
8,10,20,6,10,5,0.5483,0.7915,1.0132,0.9024,53.28,1140
8,10,20,6,15,10,0.4829,0.7994,1.1598,0.9796,48.68,1068
8,10,20,8,4,3,0.5507,1.0567,0.7632,0.9100,51.31,1148
8,20,3,1,3,3,0.4622,0.8670,1.2233,1.0451,46.06,1066
8,20,3,1,10,5,0.4739,0.9706,1.0112,0.9909,47.53,1068
8,20,3,1,15,10,0.4221,1.1518,0.9978,1.0748,46.78,1010
8,20,3,2,10,5,0.4849,0.8986,1.0765,0.9875,49.92,1081
8,20,3,2,15,4,0.4615,0.8806,1.1299,1.0053,46.20,1045
8,20,3,3,5,10,0.4807,1.0533,0.9616,1.0075,48.51,1070
8,20,4,1,5,3,0.5028,0.8142,1.0909,0.9525,51.53,1091
8,20,4,1,7,1,0.4881,0.8365,1.1195,0.9780,49.26,1092
8,20,4,2,10,5,0.4870,1.0333,0.9439,0.9886,49.02,1099
8,20,4,3,5,1,0.5038,1.1836,0.7987,0.9912,48.41,1115
8,20,4,3,6,10,0.4921,0.8060,1.1236,0.9648,48.61,1089
8,20,4,3,7,5,0.5330,0.8445,0.9724,0.9085,52.86,1118
8,20,4,4,4,5,0.5239,0.8793,0.9639,0.9216,51.15,1121
8,20,4,4,7,5,0.5197,0.7903,1.0883,0.9393,52.73,1129
8,20,5,1,3,4,0.5015,1.1256,0.7871,0.9564,49.20,1097
8,20,5,1,5,2,0.4920,1.1225,0.8632,0.9928,49.57,1106
8,20,5,1,6,1,0.5055,0.9529,0.9896,0.9712,50.23,1106
8,20,5,1,6,10,0.4799,1.0043,0.9706,0.9875,49.81,1079
8,20,5,1,7,4,0.5215,0.8311,1.1091,0.9701,53.05,1109
8,20,5,2,3,4,0.5185,0.7732,1.1051,0.9391,49.55,1111
8,20,5,2,5,4,0.5130,0.9918,0.9316,0.9617,52.98,1121
8,20,5,2,7,3,0.5190,0.7766,1.0788,0.9277,50.95,1125
8,20,5,4,5,2,0.5384,0.7216,1.1074,0.9145,51.86,1145
8,20,5,4,6,2,0.5417,0.8540,1.0267,0.9403,50.95,1147
8,20,5,4,7,10,0.5199,0.7630,1.1554,0.9592,49.34,1115
8,20,6,1,3,1,0.5095,0.8121,1.1354,0.9738,53.24,1107
8,20,6,1,4,10,0.4946,1.0560,0.9461,1.0010,49.63,1085
8,20,6,1,7,10,0.4848,0.9901,0.9721,0.9811,49.79,1092
8,20,6,1,10,3,0.5219,0.7763,1.1319,0.9541,49.34,1116
8,20,6,1,15,10,0.4575,1.2262,0.8563,1.0412,46.39,1047
8,20,6,2,4,10,0.4988,1.0699,0.8855,0.9777,49.44,1099
8,20,6,2,5,1,0.5379,0.8262,1.0530,0.9396,52.46,1132
8,20,6,2,10,3,0.5429,1.0315,0.7797,0.9056,53.23,1131
8,20,6,3,10,2,0.5335,0.8668,1.0450,0.9559,54.53,1143
8,20,6,5,5,4,0.5647,0.8771,0.9436,0.9103,53.02,1169
8,20,6,5,10,1,0.5623,0.7711,1.0328,0.9019,53.14,1162
8,20,6,6,5,5,0.5726,0.7038,1.0672,0.8855,55.18,1173
8,20,10,1,4,5,0.5341,0.7730,1.1107,0.9418,53.18,1137
8,20,10,1,6,1,0.5570,0.8407,0.9655,0.9031,54.54,1144
8,20,10,1,15,5,0.4970,1.1777,0.7898,0.9838,48.23,1092
8,20,10,2,15,10,0.4808,1.0756,0.9614,1.0185,49.31,1079
8,20,10,3,4,1,0.5682,1.0836,0.7209,0.9022,56.53,1168
8,20,10,3,6,10,0.5417,0.7286,1.0846,0.9066,52.34,1142
8,20,10,4,3,1,0.5501,0.7740,1.0210,0.8975,55.23,1173
8,20,10,4,10,3,0.5866,0.7083,1.0540,0.8812,55.12,1184
8,20,10,4,15,10,0.5064,1.0486,0.9083,0.9785,50.28,1100
8,20,10,5,4,5,0.5684,1.0080,0.8040,0.9060,54.33,1191
8,20,10,5,15,1,0.5325,0.7695,1.0781,0.9238,50.00,1138
8,20,10,6,3,10,0.5400,1.0819,0.8007,0.9413,53.06,1155
8,20,10,6,6,10,0.5547,0.8761,0.9484,0.9123,52.74,1169
8,20,10,6,7,2,0.5878,0.8727,0.8425,0.8576,55.12,1210
8,20,10,6,15,4,0.5495,1.1015,0.7124,0.9069,55.82,1146
8,20,10,8,5,10,0.5706,0.7732,0.9746,0.8739,52.53,1172
8,20,10,8,7,3,0.5997,0.6799,0.9956,0.8378,55.22,1218
8,20,15,1,3,5,0.4838,0.9077,1.0949,1.0013,46.90,1095
8,20,15,1,6,5,0.5069,0.9980,0.9093,0.9537,52.14,1106
8,20,15,2,4,3,0.5020,1.1353,0.8333,0.9843,51.46,1117
8,20,15,2,15,3,0.4834,0.9269,1.0257,0.9763,48.49,1075
8,20,15,3,6,1,0.5227,0.8983,1.0186,0.9585,54.11,1134
8,20,15,3,10,5,0.5260,0.8313,1.0425,0.9369,53.74,1127
8,20,15,4,3,2,0.5286,0.8861,1.0116,0.9489,50.80,1134
8,20,15,4,3,5,0.5365,0.9010,0.9742,0.9376,51.31,1132
8,20,15,4,4,2,0.5232,0.7631,1.1245,0.9438,50.51,1140
8,20,15,4,6,10,0.5209,1.0861,0.7922,0.9392,52.63,1115
8,20,15,4,10,5,0.5426,1.1002,0.7074,0.9038,50.86,1138
8,20,15,5,3,2,0.5366,0.9111,0.9749,0.9430,51.22,1143
8,20,15,6,3,5,0.5400,0.9126,0.9151,0.9138,51.26,1147
8,20,15,8,4,10,0.5170,0.8781,1.0516,0.9649,53.43,1126
8,20,15,8,6,10,0.5349,0.7807,1.0570,0.9189,51.07,1133
8,20,15,8,7,3,0.5687,0.8549,0.9079,0.8814,52.80,1170
8,20,20,1,10,3,0.4391,1.0425,1.0417,1.0421,47.17,1011
8,20,20,1,15,1,0.4118,1.1811,0.9905,1.0858,46.41,978
8,20,20,2,10,1,0.4241,1.2027,0.8854,1.0441,46.26,1020
8,20,20,3,10,2,0.4441,1.0932,0.9760,1.0346,47.85,1031
8,20,20,3,10,3,0.4486,1.0795,0.9977,1.0386,45.22,1032
8,20,20,4,4,3,0.4537,1.0413,1.0626,1.0519,49.07,1040
8,20,20,4,4,4,0.4431,0.8849,1.2052,1.0450,48.10,1039
8,20,20,4,5,2,0.4501,1.0996,0.9440,1.0218,48.26,1042
8,20,20,4,10,5,0.4645,1.1416,0.9329,1.0373,48.42,1038
8,20,20,5,6,4,0.4619,0.9849,1.1075,1.0462,47.08,1051
8,20,20,5,15,5,0.4240,1.1549,1.0164,1.0856,43.48,1010
8,20,20,6,4,10,0.4415,0.9656,1.1290,1.0473,48.15,1025
8,20,20,8,6,3,0.4664,1.0006,1.0828,1.0417,46.17,1060
9,2,3,1,3,4,0.4776,0.7864,1.1788,0.9826,46.41,1087
9,2,3,1,7,3,0.4948,1.1603,0.8267,0.9935,48.20,1100
9,2,3,2,15,2,0.4627,0.8759,1.1287,1.0023,47.05,1066
9,2,3,3,10,5,0.5080,0.9820,0.9721,0.9770,49.41,1117
9,2,4,1,6,1,0.4939,1.0501,0.9012,0.9756,51.53,1116
9,2,4,1,7,4,0.5055,0.9361,1.0352,0.9857,48.28,1118
9,2,4,1,10,3,0.4821,0.9603,1.0213,0.9908,51.18,1112
9,2,4,2,15,5,0.4675,0.9713,1.0353,1.0033,48.06,1081
9,2,4,3,4,4,0.5079,0.8632,1.0725,0.9679,53.10,1139
9,2,4,3,6,4,0.5317,1.0988,0.7993,0.9490,51.45,1146
9,2,4,3,7,1,0.5072,0.8001,1.1130,0.9565,52.33,1145
9,2,4,4,4,4,0.5371,1.0531,0.8376,0.9453,53.75,1151
9,2,4,4,4,10,0.5079,0.8663,1.0891,0.9777,48.55,1117
9,2,5,1,6,3,0.5176,0.8909,0.9663,0.9286,50.28,1135
9,2,5,1,10,10,0.4859,0.9587,1.0436,1.0012,51.71,1096
9,2,5,3,5,2,0.5268,0.7994,1.0481,0.9237,53.65,1162
9,2,5,3,7,1,0.5262,0.8554,1.0375,0.9464,52.90,1163
9,2,5,4,3,2,0.5341,1.1528,0.7580,0.9554,53.56,1162
9,2,5,4,4,3,0.5314,0.8251,1.0564,0.9407,49.74,1170
9,2,5,4,6,10,0.5099,1.0598,0.8705,0.9651,49.32,1141
9,2,5,5,3,3,0.5638,0.8473,0.9475,0.8974,52.83,1173
9,2,5,5,3,5,0.5482,0.7940,0.9920,0.8930,54.58,1170
9,2,5,5,6,3,0.5490,1.0205,0.8236,0.9221,51.08,1188
9,2,5,5,6,4,0.5705,1.0056,0.7794,0.8925,55.94,1187
9,2,6,1,5,2,0.5182,0.8084,1.1412,0.9748,50.29,1146
9,2,6,1,5,4,0.5291,1.0052,0.8533,0.9293,53.90,1146
9,2,6,1,10,5,0.5294,1.0632,0.8091,0.9361,51.96,1139
9,2,6,2,6,4,0.5347,0.8456,0.9829,0.9143,52.19,1165
9,2,6,2,6,10,0.5227,0.7693,1.1594,0.9643,52.18,1131
9,2,6,3,4,3,0.5469,0.9661,0.8375,0.9018,55.14,1173
9,2,6,3,4,5,0.5381,1.1164,0.7677,0.9420,52.97,1170
9,2,6,5,4,3,0.5807,0.7826,0.9761,0.8793,56.39,1196
9,2,6,5,6,1,0.5662,1.0207,0.7517,0.8862,53.61,1202
9,2,6,5,6,3,0.5662,0.8866,0.8724,0.8795,54.08,1205
9,2,6,5,10,2,0.5744,0.8994,0.8317,0.8656,53.26,1196
9,2,6,6,7,1,0.5797,0.6532,1.0414,0.8473,54.06,1210
9,2,10,1,10,10,0.5113,0.9654,0.9263,0.9459,51.95,1133
9,2,10,2,3,4,0.5575,0.7488,1.0378,0.8933,55.07,1179
9,2,10,3,4,1,0.5561,1.0160,0.7480,0.8820,56.26,1200
9,2,10,3,4,2,0.5852,0.8750,0.8775,0.8762,57.49,1202
9,2,10,3,5,3,0.5906,0.7805,0.9568,0.8686,58.56,1209
9,2,10,3,15,5,0.5251,0.9917,0.9354,0.9635,50.30,1146
9,2,10,5,5,1,0.5918,0.6736,1.0307,0.8521,57.71,1231
9,2,10,6,6,5,0.5908,0.7945,0.9067,0.8506,56.10,1244
9,2,10,6,7,5,0.6020,0.8487,0.8081,0.8284,54.41,1245
9,2,10,6,10,4,0.6012,0.8360,0.8727,0.8544,57.12,1237
9,2,10,8,3,2,0.6039,0.9870,0.6929,0.8400,58.21,1235
9,2,10,8,7,1,0.6132,0.9677,0.6855,0.8266,58.43,1252
9,2,10,8,15,1,0.5578,0.9923,0.8562,0.9242,51.72,1179
9,2,15,1,4,2,0.5142,0.8830,1.0527,0.9678,48.71,1127
9,2,15,1,4,3,0.5126,0.7800,1.1345,0.9573,48.82,1128
9,2,15,1,6,2,0.5070,1.0254,0.9414,0.9834,53.02,1134
9,2,15,1,7,5,0.5172,0.9684,0.9202,0.9443,52.01,1133
9,2,15,1,15,4,0.4741,1.0145,1.0165,1.0155,48.20,1084
9,2,15,2,3,2,0.5218,1.1150,0.7586,0.9368,52.51,1137
9,2,15,2,6,2,0.5399,1.0844,0.7696,0.9270,54.53,1150
9,2,15,2,15,1,0.4926,1.0501,0.9120,0.9811,50.11,1096
9,2,15,3,5,1,0.5531,0.8899,0.8751,0.8825,55.30,1160
9,2,15,3,7,4,0.5486,1.0905,0.7199,0.9052,54.64,1166
9,2,15,5,3,2,0.5428,0.8729,0.9570,0.9150,54.80,1172
9,2,15,5,5,4,0.5735,0.8570,0.8511,0.8541,56.16,1184
9,2,15,5,7,10,0.5201,0.8650,1.0739,0.9694,53.37,1151
9,2,15,5,15,2,0.5184,0.8751,1.0245,0.9498,52.64,1128
9,2,15,6,15,5,0.5144,0.9418,0.9238,0.9328,49.51,1132
9,2,15,8,10,1,0.5493,0.8207,0.9843,0.9025,51.84,1189
9,2,20,1,3,1,0.4342,1.1624,0.9912,1.0768,45.79,1024
9,2,20,1,5,5,0.4242,0.9477,1.2314,1.0896,46.61,1031
9,2,20,1,10,3,0.4293,1.1264,1.0402,1.0833,43.97,1030
9,2,20,1,10,4,0.4354,1.0441,1.0980,1.0711,44.25,1030
9,2,20,2,4,5,0.4279,1.0103,1.1230,1.0666,47.52,1040
9,2,20,3,3,3,0.4329,1.2526,0.8964,1.0745,48.34,1047
9,2,20,3,4,4,0.4378,1.2153,0.9121,1.0637,45.35,1051
9,2,20,3,5,10,0.4347,1.1527,0.9937,1.0732,46.19,1030
9,2,20,4,5,10,0.4228,1.1129,0.9910,1.0520,44.32,1038
9,2,20,4,7,10,0.4360,0.9190,1.2333,1.0761,46.32,1040
9,2,20,5,5,4,0.4643,0.8927,1.1566,1.0247,46.19,1070
9,2,20,5,6,10,0.4298,0.8545,1.2366,1.0455,47.29,1046
9,2,20,5,15,3,0.4333,1.1348,0.9621,1.0484,48.18,1031
9,2,20,6,4,5,0.4656,0.8841,1.2020,1.0431,49.93,1070
9,2,20,6,5,1,0.4550,1.1466,0.9484,1.0475,46.90,1073
9,2,20,6,6,4,0.4779,0.9069,1.0727,0.9898,50.70,1077
9,2,20,8,3,5,0.4660,0.9310,1.1196,1.0253,47.61,1069
9,2,20,8,4,1,0.4559,1.0350,1.0032,1.0191,46.96,1074
9,2,20,8,6,1,0.4712,0.9781,1.0091,0.9936,47.45,1080
9,2,20,8,6,10,0.4499,0.9126,1.1328,1.0227,46.90,1054
9,2,20,8,10,4,0.4637,0.8699,1.1963,1.0331,50.42,1076
9,3,3,1,5,10,0.4722,1.0626,0.9213,0.9919,48.87,1081
9,3,3,2,4,1,0.5087,0.9741,0.9183,0.9462,52.51,1119
9,3,3,2,4,4,0.5181,0.9173,0.9563,0.9368,50.47,1121
9,3,3,2,10,4,0.5053,1.0669,0.8901,0.9785,48.80,1121
9,3,3,2,10,10,0.4945,1.1275,0.8007,0.9641,52.08,1091
9,3,3,2,15,3,0.4601,0.8185,1.1835,1.0010,48.87,1079
9,3,3,3,6,2,0.5293,0.9933,0.8566,0.9249,51.96,1142
9,3,3,3,15,10,0.4658,1.1611,0.8896,1.0253,47.52,1062
9,3,4,1,3,1,0.5012,1.1310,0.8341,0.9825,51.41,1118
9,3,4,1,5,1,0.5112,0.8736,1.0621,0.9678,53.34,1128
9,3,4,1,6,5,0.4990,0.9643,0.9442,0.9542,52.40,1131
9,3,4,2,10,1,0.5069,1.1815,0.7927,0.9871,51.27,1139
9,3,5,1,6,2,0.5263,0.7253,1.1146,0.9200,52.29,1150
9,3,5,1,10,5,0.5222,1.0619,0.8431,0.9525,52.15,1141
9,3,5,1,15,5,0.5005,0.8858,1.0957,0.9908,49.10,1096
9,3,5,2,10,2,0.5318,0.8646,1.0076,0.9361,51.32,1160
9,3,5,3,4,3,0.5656,0.9978,0.7817,0.8897,54.93,1175
9,3,5,3,4,10,0.5148,0.7848,1.0817,0.9332,52.83,1139
9,3,5,3,6,2,0.5590,0.7893,1.0278,0.9085,53.97,1182
9,3,5,3,6,3,0.5486,0.8291,0.9482,0.8886,54.92,1183
9,3,5,4,3,5,0.5385,0.8208,1.0458,0.9333,52.52,1178
9,3,5,4,5,4,0.5674,0.9462,0.8107,0.8784,52.52,1192
9,3,5,4,7,2,0.5679,1.0578,0.7178,0.8878,53.78,1197
9,3,5,4,15,2,0.5169,0.7894,1.1398,0.9646,51.71,1135
9,3,5,5,7,1,0.5831,0.8851,0.8741,0.8796,55.63,1205
9,3,5,5,15,3,0.5176,1.0404,0.8478,0.9441,50.34,1145
9,3,6,1,4,3,0.5338,0.9903,0.8471,0.9187,50.64,1158
9,3,6,1,4,5,0.5193,0.7618,1.1146,0.9382,49.74,1155
9,3,6,1,7,10,0.5131,0.8763,1.0675,0.9719,51.06,1131
9,3,6,2,10,10,0.5096,0.7880,1.1748,0.9814,49.65,1139
9,3,6,3,7,5,0.5542,0.7790,0.9868,0.8829,51.40,1198
9,3,6,4,3,1,0.5726,0.6754,1.0364,0.8559,53.00,1194
9,3,6,4,3,4,0.5602,0.8541,0.9053,0.8797,52.75,1197
9,3,6,4,4,1,0.5573,0.9873,0.8218,0.9046,52.30,1202
9,3,6,5,5,5,0.5698,0.9669,0.8485,0.9077,53.41,1218
9,3,6,6,10,10,0.5506,1.0756,0.6999,0.8878,55.71,1182
9,3,10,1,5,4,0.5459,0.8668,0.9868,0.9268,53.46,1191
9,3,10,2,3,5,0.5619,0.8834,0.8915,0.8875,53.93,1195
9,3,10,2,4,2,0.5884,1.0386,0.6410,0.8398,53.67,1205
9,3,10,2,5,3,0.5717,1.0359,0.7683,0.9021,56.41,1212
9,3,10,3,6,3,0.5853,1.0574,0.6675,0.8624,56.58,1233
9,3,10,4,5,3,0.6225,0.6280,1.0000,0.8140,58.71,1245
9,3,10,4,7,4,0.6252,0.6682,0.9093,0.7888,55.99,1249
9,3,10,4,10,4,0.5957,0.7883,0.8630,0.8257,56.83,1238
9,3,10,6,6,5,0.6328,0.9016,0.7338,0.8177,58.98,1267
9,3,10,8,10,2,0.6130,0.9070,0.7505,0.8288,59.57,1267
9,3,15,1,3,2,0.5210,1.0995,0.7905,0.9450,53.47,1137
9,3,15,1,3,10,0.4993,1.0278,0.9489,0.9884,51.15,1105
9,3,15,1,5,2,0.5205,0.8384,1.0697,0.9540,52.92,1147
9,3,15,2,5,3,0.5338,1.0350,0.7811,0.9080,54.08,1165
9,3,15,3,3,4,0.5263,0.7498,1.0952,0.9225,50.16,1168
9,3,15,3,4,10,0.5168,0.9570,0.9785,0.9677,51.81,1139
9,3,15,3,6,5,0.5483,1.0715,0.7774,0.9245,53.31,1180
9,3,15,5,6,3,0.5885,0.7178,0.9833,0.8505,57.09,1207
9,3,15,6,3,3,0.5808,0.8014,0.9306,0.8660,57.75,1198
9,3,15,6,5,5,0.5849,0.8125,0.9061,0.8593,56.06,1208
9,3,15,6,6,4,0.5839,0.7672,0.9211,0.8441,56.18,1214
9,3,15,6,15,1,0.5206,0.8973,0.9620,0.9296,53.15,1148
9,3,15,8,3,5,0.5869,0.7398,0.9816,0.8607,55.50,1201
9,3,15,8,7,4,0.5816,1.0058,0.6889,0.8474,54.20,1222
9,3,20,1,3,3,0.4310,1.0635,1.0268,1.0452,47.55,1037
9,3,20,1,4,2,0.4370,1.0743,1.0524,1.0633,45.77,1041
9,3,20,1,4,10,0.4091,0.9637,1.2383,1.1010,45.92,1017
9,3,20,1,6,4,0.4375,1.1073,0.9622,1.0347,48.56,1046
9,3,20,2,6,1,0.4664,1.1302,0.9190,1.0246,48.62,1057
9,3,20,2,7,2,0.4451,1.0538,1.0208,1.0373,44.56,1059
9,3,20,2,10,3,0.4483,0.9664,1.0679,1.0171,45.29,1054
9,3,20,2,15,5,0.4325,0.9949,1.0814,1.0382,44.78,1017
9,3,20,3,5,1,0.4534,1.1496,0.9194,1.0345,48.34,1065
9,3,20,3,7,1,0.4748,1.1157,0.8758,0.9958,49.44,1068
9,3,20,3,15,1,0.4114,0.9123,1.2611,1.0867,43.68,1026
9,3,20,4,10,10,0.4360,1.1951,0.9005,1.0478,45.83,1046
9,3,20,5,4,4,0.4653,1.0987,0.8992,0.9990,48.51,1079
9,3,20,6,10,10,0.4611,1.0864,1.0049,1.0457,46.76,1057
9,3,20,8,3,4,0.4621,0.9485,1.0938,1.0211,46.68,1084
9,5,3,1,4,3,0.5135,1.1406,0.7496,0.9451,48.86,1131
9,5,3,1,15,2,0.4678,0.8636,1.1849,1.0243,46.05,1087
9,5,3,2,4,5,0.5301,0.7526,1.1219,0.9372,53.24,1144
9,5,3,2,6,5,0.5213,0.7939,1.0777,0.9358,52.13,1151
9,5,3,2,10,2,0.5263,0.9262,0.9446,0.9354,50.49,1146
9,5,3,2,15,3,0.4958,1.0615,0.8708,0.9662,49.15,1101
9,5,3,3,4,1,0.5243,0.8724,0.9810,0.9267,53.09,1158
9,5,3,3,5,1,0.5278,0.7631,1.0900,0.9265,49.97,1163
9,5,3,3,6,2,0.5457,0.8970,0.9248,0.9109,52.12,1168
9,5,3,3,10,1,0.5241,0.8074,1.0645,0.9360,50.13,1158
9,5,4,1,5,1,0.5305,0.9159,0.9988,0.9573,50.65,1153
9,5,4,1,5,3,0.5350,1.0138,0.8556,0.9347,53.73,1156
9,5,4,1,10,3,0.5390,0.9511,0.8871,0.9191,53.82,1152
9,5,4,2,4,3,0.5526,0.8605,0.9932,0.9268,51.20,1169
9,5,4,2,4,4,0.5407,0.9684,0.8461,0.9073,54.96,1168
9,5,4,3,5,5,0.5701,1.0460,0.7134,0.8797,56.02,1186
9,5,4,3,6,10,0.5311,0.9407,0.9048,0.9228,50.05,1154
9,5,4,3,10,3,0.5504,0.9775,0.8687,0.9231,52.53,1184
9,5,4,3,15,3,0.5197,0.9485,0.9454,0.9470,52.59,1133
9,5,4,4,5,3,0.5589,0.8725,0.9262,0.8993,53.65,1203
9,5,4,4,7,10,0.5414,0.9271,0.9114,0.9192,54.35,1167
9,5,5,1,7,5,0.5507,1.0230,0.8186,0.9208,53.40,1176
9,5,5,2,6,4,0.5729,0.8816,0.8840,0.8828,56.61,1196
9,5,5,2,7,2,0.5761,0.9800,0.7569,0.8684,53.48,1197
9,5,5,3,3,5,0.5571,0.9060,0.9426,0.9243,56.08,1194
9,5,5,3,4,1,0.5751,0.8103,0.9040,0.8572,53.13,1202
9,5,5,3,15,5,0.5245,0.7633,1.1331,0.9482,53.49,1147
9,5,5,4,5,1,0.5806,0.9716,0.7571,0.8643,55.59,1222
9,5,5,4,6,4,0.5865,0.9731,0.7373,0.8552,54.56,1228
9,5,5,5,5,4,0.5928,1.0068,0.7025,0.8547,57.65,1236
9,5,5,5,7,4,0.6042,0.9913,0.6565,0.8239,58.48,1241
9,5,6,3,5,2,0.5933,0.7120,0.9665,0.8392,56.53,1229
9,5,6,3,5,5,0.5796,0.7092,1.0132,0.8612,54.19,1226
9,5,6,4,5,1,0.6243,0.7669,0.8945,0.8307,57.69,1241
9,5,6,4,5,5,0.6148,0.6839,0.9796,0.8317,57.50,1241
9,5,6,4,6,1,0.6079,1.0168,0.6766,0.8467,55.71,1245
9,5,6,4,15,3,0.5588,1.0007,0.8282,0.9145,56.24,1178
9,5,6,5,4,4,0.6185,0.9739,0.6639,0.8189,59.35,1251
9,5,6,5,7,5,0.6144,0.8128,0.8054,0.8091,56.06,1259
9,5,6,6,15,10,0.5330,0.8983,0.9558,0.9270,51.01,1156
9,5,10,1,5,4,0.5972,0.7885,0.8567,0.8226,55.74,1223
9,5,10,2,4,2,0.6054,0.9423,0.7403,0.8413,56.10,1239
9,5,10,2,15,2,0.5500,1.0927,0.7655,0.9291,51.24,1178
9,5,10,3,5,5,0.6334,0.7292,0.8584,0.7938,59.98,1263
9,5,10,3,6,5,0.6368,0.6909,0.9233,0.8071,57.53,1267
9,5,10,3,6,10,0.5743,0.9357,0.8143,0.8750,55.61,1221
9,5,10,3,10,3,0.6051,0.6526,0.9761,0.8144,55.51,1260
9,5,10,3,15,5,0.5643,1.0998,0.7252,0.9125,52.61,1191
9,5,10,4,5,4,0.6584,0.6667,0.8137,0.7402,61.82,1284
9,5,10,4,15,5,0.5672,0.9205,0.8751,0.8978,53.64,1205
9,5,10,5,7,5,0.6612,0.8384,0.6523,0.7453,60.39,1302
9,5,10,6,10,5,0.6624,0.8358,0.6614,0.7486,62.60,1298
9,5,15,1,5,2,0.5430,0.7475,1.0761,0.9118,55.14,1175
9,5,15,2,6,4,0.5672,0.7492,1.0293,0.8892,53.36,1196
9,5,15,2,7,5,0.5706,1.0407,0.6867,0.8637,53.54,1195
9,5,15,2,7,10,0.5389,0.8061,1.0638,0.9349,54.25,1159
9,5,15,2,15,1,0.5236,0.9999,0.8970,0.9484,51.70,1134
9,5,15,2,15,4,0.5130,1.1516,0.7574,0.9545,49.88,1136
9,5,15,4,5,10,0.5604,0.7265,1.0378,0.8822,53.67,1182
9,5,15,4,15,3,0.5340,0.9403,0.9082,0.9242,52.45,1162
9,5,15,5,5,10,0.5629,0.9908,0.8360,0.9134,55.74,1193
9,5,15,8,3,2,0.5919,0.7738,0.9699,0.8719,58.54,1237
9,5,15,8,3,10,0.5729,0.9410,0.8537,0.8973,55.35,1193
9,5,15,8,5,5,0.6241,1.0093,0.6530,0.8311,58.54,1249
9,5,15,8,10,5,0.5983,0.7988,0.9346,0.8667,55.10,1243
9,5,20,1,5,10,0.4400,1.0631,0.9932,1.0282,47.65,1038
9,5,20,1,15,3,0.4279,1.1000,1.0154,1.0577,45.68,1025
9,5,20,2,4,3,0.4688,0.9712,1.0631,1.0171,50.71,1074
9,5,20,2,6,4,0.4831,0.8536,1.1372,0.9954,47.28,1079
9,5,20,2,15,3,0.4410,0.8974,1.2305,1.0640,44.38,1036
9,5,20,3,5,2,0.4744,1.0508,0.9298,0.9903,48.97,1088
9,5,20,4,5,3,0.4725,0.9714,1.0836,1.0275,48.50,1098
9,5,20,4,6,2,0.4901,1.1090,0.8760,0.9925,50.17,1100
9,5,20,6,4,2,0.4922,0.9824,1.0087,0.9955,49.28,1107
9,5,20,8,6,4,0.4924,1.1735,0.7813,0.9774,47.61,1118
9,5,20,8,10,2,0.4975,0.8369,1.0959,0.9664,51.80,1111
9,5,20,8,15,4,0.4603,0.9726,1.1027,1.0377,48.15,1070
9,10,3,1,5,2,0.5563,0.9480,0.8083,0.8782,56.16,1162
9,10,3,1,10,3,0.5275,0.8370,1.0509,0.9440,51.88,1158
9,10,3,2,3,10,0.5130,0.9412,0.9662,0.9537,51.16,1133
9,10,3,2,5,2,0.5489,0.8122,0.9812,0.8967,52.52,1180
9,10,3,3,3,10,0.5226,1.1194,0.8138,0.9666,51.17,1146
9,10,3,3,15,4,0.5186,0.9042,0.9608,0.9325,52.56,1138
9,10,4,1,6,1,0.5603,0.8165,0.9443,0.8804,52.00,1186
9,10,4,1,15,10,0.4741,0.9585,1.0771,1.0178,47.36,1098
9,10,4,2,3,3,0.5738,0.9320,0.8503,0.8911,54.82,1192
9,10,4,2,3,4,0.5640,0.9067,0.9242,0.9154,53.83,1191
9,10,4,2,6,1,0.5652,0.9184,0.8202,0.8693,55.80,1205
9,10,4,2,10,3,0.5739,0.9982,0.7139,0.8560,53.64,1200
9,10,4,3,3,2,0.5764,0.7477,1.0061,0.8769,56.97,1208
9,10,4,3,3,3,0.5784,1.0449,0.7145,0.8797,53.58,1209
9,10,4,3,4,3,0.5926,0.6628,1.0293,0.8461,54.66,1217
9,10,4,3,5,2,0.5790,1.0526,0.6637,0.8582,57.35,1222
9,10,4,3,7,1,0.5771,0.8479,0.8955,0.8717,56.32,1224
9,10,4,3,7,3,0.5901,0.9018,0.8054,0.8536,56.29,1227
9,10,4,3,15,10,0.5043,0.9184,1.0640,0.9912,48.83,1125
9,10,4,4,3,2,0.5880,0.9513,0.8134,0.8824,55.91,1222
9,10,4,4,3,4,0.5921,0.6541,1.0166,0.8354,55.67,1222
9,10,4,4,5,3,0.6025,0.8186,0.8868,0.8527,55.05,1238
9,10,5,1,3,2,0.5648,0.7316,1.0616,0.8966,52.01,1193
9,10,5,2,3,1,0.5756,0.7175,1.0145,0.8660,56.99,1210
9,10,5,3,5,5,0.6157,0.7537,0.9185,0.8361,55.82,1243
9,10,5,3,6,2,0.6138,0.6304,0.9850,0.8077,55.24,1250
9,10,5,3,6,3,0.6179,0.9184,0.6960,0.8072,55.43,1251
9,10,5,3,7,4,0.6232,0.9057,0.7013,0.8035,58.02,1251
9,10,5,3,10,5,0.6050,0.9709,0.6624,0.8167,57.05,1237
9,10,5,5,3,3,0.6388,0.7080,0.8758,0.7919,60.58,1261
9,10,5,5,6,5,0.6360,0.6637,0.9385,0.8011,59.33,1277
9,10,5,5,7,2,0.6360,0.7963,0.8293,0.8128,57.05,1282
9,10,6,2,6,2,0.6136,0.8547,0.7690,0.8119,59.50,1251
9,10,6,2,7,2,0.6261,0.8680,0.7126,0.7903,58.46,1252
9,10,6,3,10,5,0.6052,0.7446,0.9246,0.8346,54.82,1257
9,10,6,4,4,4,0.6417,0.7916,0.8012,0.7964,61.14,1278
9,10,6,5,3,2,0.6536,0.8956,0.6163,0.7560,58.00,1282
9,10,6,5,4,3,0.6573,0.8074,0.7314,0.7694,62.15,1294
9,10,6,5,5,2,0.6464,0.8461,0.6582,0.7521,59.42,1301
9,10,6,5,5,4,0.6465,0.6815,0.9085,0.7950,58.72,1301
9,10,6,5,7,3,0.6627,0.6073,0.8917,0.7495,62.25,1309
9,10,6,6,6,1,0.6723,0.5557,0.8734,0.7146,60.01,1314
9,10,6,6,15,4,0.5918,0.9741,0.7157,0.8449,56.43,1228
9,10,10,1,10,1,0.6209,0.6882,0.9850,0.8366,57.35,1251
9,10,10,1,15,3,0.5535,1.0864,0.7337,0.9100,54.64,1191
9,10,10,2,4,1,0.6512,0.5896,0.9220,0.7558,58.68,1276
9,10,10,3,3,10,0.6045,0.6704,1.0214,0.8459,58.54,1239
9,10,10,3,4,3,0.6597,0.7796,0.7467,0.7632,58.41,1305
9,10,10,3,7,1,0.6673,0.9621,0.5675,0.7648,60.75,1314
9,10,10,3,15,1,0.5981,1.0072,0.6343,0.8208,57.05,1224
9,10,10,4,3,5,0.6549,0.7612,0.7222,0.7417,60.13,1309
9,10,10,4,6,10,0.6216,0.6105,1.0006,0.8056,60.22,1276
9,10,10,4,7,5,0.6793,0.6690,0.7431,0.7060,63.12,1337
9,10,10,4,15,2,0.5985,0.9603,0.6980,0.8292,56.74,1243
9,10,10,5,5,2,0.7069,0.7930,0.5538,0.6734,62.99,1354
9,10,10,5,15,3,0.6168,0.9317,0.6660,0.7989,59.31,1257
9,10,10,6,4,4,0.6897,0.5710,0.8544,0.7127,60.83,1358
9,10,10,6,4,5,0.7112,0.6040,0.7628,0.6834,64.89,1353
9,10,10,8,4,5,0.7197,0.7263,0.5725,0.6494,66.70,1365
9,10,15,1,3,10,0.5402,0.9110,0.9448,0.9279,53.36,1155
9,10,15,3,3,4,0.5978,0.7823,0.9492,0.8657,57.60,1231
9,10,15,3,5,4,0.6110,0.6895,0.9935,0.8415,56.82,1246
9,10,15,3,6,1,0.6068,1.0461,0.6674,0.8568,59.29,1247
9,10,15,4,5,3,0.6407,0.9122,0.6950,0.8036,57.48,1264
9,10,15,5,4,2,0.6294,0.6427,0.9767,0.8097,57.82,1269
9,10,15,5,7,4,0.6365,0.7138,0.8657,0.7897,58.41,1282
9,10,15,5,15,10,0.5353,0.8144,1.0637,0.9390,54.03,1163
9,10,15,6,3,5,0.6313,0.7231,0.8805,0.8018,58.99,1266
9,10,15,6,4,1,0.6532,0.5927,0.9497,0.7712,61.59,1276
9,10,15,6,15,2,0.5891,0.9775,0.7783,0.8779,53.80,1209
9,10,15,8,5,2,0.6517,0.9543,0.5923,0.7733,61.28,1295
9,10,20,2,3,2,0.4687,0.8480,1.1909,1.0195,48.60,1090
9,10,20,2,4,10,0.4672,0.8318,1.2262,1.0290,48.98,1067
9,10,20,2,7,2,0.4856,1.1402,0.8759,1.0081,51.19,1102
9,10,20,2,15,2,0.4504,1.2320,0.8911,1.0615,49.52,1056
9,10,20,3,3,3,0.4954,1.0726,0.9208,0.9967,48.33,1102
9,10,20,3,3,5,0.4907,1.1947,0.8250,1.0099,49.41,1100
9,10,20,3,5,4,0.4995,0.8798,1.0513,0.9656,51.62,1111
9,10,20,3,7,10,0.4615,0.8371,1.1623,0.9997,47.22,1085
9,10,20,3,10,4,0.4851,1.0950,0.8467,0.9708,50.25,1107
9,10,20,3,15,4,0.4602,0.8648,1.2126,1.0387,47.88,1066
9,10,20,3,15,10,0.4407,0.9589,1.0897,1.0243,48.32,1040
9,10,20,4,3,4,0.5019,0.8425,1.0736,0.9580,50.29,1112
9,10,20,4,4,3,0.4944,1.1679,0.8416,1.0047,50.19,1118
9,10,20,5,3,4,0.5004,0.9182,1.0811,0.9997,49.18,1120
9,10,20,5,4,10,0.4953,0.7741,1.1662,0.9702,52.22,1095
9,10,20,6,4,2,0.5075,1.0298,0.8912,0.9605,50.95,1131
9,10,20,8,6,1,0.5162,1.0882,0.8641,0.9762,50.51,1141
9,10,20,8,7,1,0.5193,0.8343,1.0841,0.9592,53.23,1142
9,20,3,1,7,5,0.4549,1.0200,1.0877,1.0538,47.25,1066
9,20,3,1,15,5,0.4408,1.0955,1.0018,1.0487,48.82,1024
9,20,3,2,3,5,0.4583,1.0185,1.0373,1.0279,48.14,1068
9,20,3,2,4,1,0.4567,1.0001,1.0161,1.0081,49.22,1073
9,20,3,2,6,3,0.4796,0.9002,1.0826,0.9914,49.48,1081
9,20,3,2,6,10,0.4368,0.8983,1.2472,1.0727,47.31,1053
9,20,3,3,5,10,0.4669,1.1211,0.9154,1.0183,47.25,1062
9,20,3,3,6,1,0.4656,1.2131,0.8471,1.0301,49.35,1090
9,20,3,3,10,1,0.4756,0.9512,1.0427,0.9969,49.53,1084
9,20,3,3,10,2,0.4672,0.8761,1.1533,1.0147,50.59,1086
9,20,4,1,15,1,0.4428,1.1784,0.8938,1.0361,47.65,1039
9,20,4,2,6,1,0.4897,0.8742,1.0546,0.9644,51.19,1096
9,20,4,3,5,10,0.4776,0.9046,1.1257,1.0152,48.84,1078
9,20,4,3,7,2,0.4954,1.1327,0.8480,0.9904,48.00,1111
9,20,4,4,10,1,0.5038,0.9805,0.9613,0.9709,50.74,1111
9,20,4,4,10,3,0.5043,0.9993,0.9525,0.9759,50.35,1114
9,20,5,1,3,5,0.4767,0.8082,1.1855,0.9968,48.60,1086
9,20,5,1,4,1,0.4823,1.0652,0.9371,1.0012,51.53,1091
9,20,5,1,10,3,0.4878,0.8273,1.1140,0.9706,47.05,1093
9,20,5,2,7,4,0.5029,1.1170,0.8144,0.9657,50.97,1114
9,20,5,3,15,1,0.4560,0.9230,1.1783,1.0506,47.81,1075
9,20,5,4,4,4,0.5004,0.9777,0.9827,0.9802,51.80,1130
9,20,5,4,5,4,0.5085,0.7792,1.1561,0.9677,51.12,1134
9,20,5,4,7,10,0.4921,1.1716,0.8441,1.0079,52.22,1106
9,20,5,4,10,4,0.5061,0.8321,1.1360,0.9840,48.14,1130
9,20,5,5,5,10,0.4858,1.1668,0.8667,1.0168,51.02,1110
9,20,5,5,7,3,0.5103,1.1736,0.7744,0.9740,50.66,1147
9,20,6,1,15,3,0.4615,0.8329,1.2059,1.0194,47.19,1065
9,20,6,2,5,2,0.5077,1.1611,0.8011,0.9811,48.44,1124
9,20,6,2,7,3,0.5143,0.9843,0.9612,0.9727,51.77,1128
9,20,6,2,10,3,0.5038,0.7998,1.1614,0.9806,49.07,1121
9,20,6,3,3,4,0.5199,0.8897,1.0089,0.9493,50.69,1127
9,20,6,3,5,3,0.5250,0.8184,1.0188,0.9186,53.28,1138
9,20,6,3,7,3,0.5215,0.9444,0.9891,0.9667,52.16,1142
9,20,6,3,10,3,0.5278,0.9665,0.9478,0.9572,50.03,1134
9,20,6,3,15,4,0.4646,1.1912,0.8367,1.0140,46.18,1089
9,20,6,4,7,3,0.5350,0.9717,0.8906,0.9311,52.44,1153
9,20,6,5,3,3,0.5425,0.9581,0.9184,0.9383,51.37,1147
9,20,6,5,6,3,0.5401,0.8496,0.9524,0.9010,54.15,1161
9,20,6,5,10,5,0.5149,0.7968,1.1065,0.9516,52.09,1151
9,20,10,1,3,2,0.5186,1.1351,0.7820,0.9585,52.55,1123
9,20,10,1,4,4,0.5122,0.9046,1.0469,0.9758,52.39,1129
9,20,10,1,5,3,0.5223,0.9735,0.9643,0.9689,50.80,1134
9,20,10,1,15,5,0.4807,0.8283,1.1456,0.9869,47.33,1083
9,20,10,2,7,3,0.5382,0.9871,0.8793,0.9332,50.37,1154
9,20,10,2,15,10,0.4614,1.1093,0.9706,1.0400,49.10,1071
9,20,10,3,3,4,0.5132,0.8336,1.0693,0.9515,52.42,1152
9,20,10,3,4,3,0.5331,1.0632,0.7572,0.9102,52.26,1160
9,20,10,3,5,3,0.5332,1.0545,0.7768,0.9156,51.99,1164
9,20,10,3,15,10,0.4702,1.1567,0.9140,1.0353,48.77,1082
9,20,10,4,7,3,0.5588,0.9297,0.8869,0.9083,55.37,1181
9,20,10,5,5,2,0.5486,0.8719,0.9851,0.9285,52.16,1186
9,20,10,6,4,3,0.5567,0.9617,0.8495,0.9056,53.25,1189
9,20,10,6,4,4,0.5589,0.9112,0.8920,0.9016,56.44,1188
9,20,10,6,5,3,0.5617,0.7283,1.0685,0.8984,52.32,1194
9,20,10,8,3,2,0.5641,0.6773,1.0745,0.8759,54.45,1186
9,20,10,8,7,2,0.5700,0.7477,0.9873,0.8675,53.18,1203
9,20,10,8,15,3,0.5162,1.0851,0.8622,0.9736,50.91,1141
9,20,10,8,15,5,0.5151,0.9033,1.0056,0.9545,53.08,1139
9,20,15,1,4,2,0.4736,1.1707,0.7981,0.9844,48.00,1093
9,20,15,2,3,1,0.4819,0.8922,1.1034,0.9978,47.33,1099
9,20,15,2,6,4,0.4843,0.8104,1.1517,0.9810,47.85,1113
9,20,15,3,5,1,0.5027,1.0205,0.9322,0.9764,48.61,1121
9,20,15,3,7,5,0.5115,1.1375,0.7768,0.9571,52.70,1125
9,20,15,3,15,2,0.4696,0.9496,1.0501,0.9999,46.27,1077
9,20,15,5,3,4,0.5297,0.9010,1.0106,0.9558,51.81,1132
9,20,15,6,5,10,0.4951,0.8987,1.1150,1.0069,50.52,1116
9,20,15,6,6,2,0.5174,1.0627,0.7949,0.9288,51.13,1152
9,20,15,6,6,10,0.5034,0.9500,0.9940,0.9720,49.88,1118
9,20,15,8,3,1,0.5340,0.8489,1.0337,0.9413,53.89,1141
9,20,15,8,5,10,0.5093,1.1209,0.8511,0.9860,49.04,1121
9,20,15,8,15,2,0.5041,0.8536,1.1282,0.9909,50.61,1103
9,20,20,1,4,1,0.4139,1.1150,1.0007,1.0579,42.97,1002
9,20,20,1,10,2,0.3996,1.1364,1.0101,1.0732,42.91,1004
9,20,20,2,4,3,0.4058,1.1150,1.0317,1.0733,43.42,1015
9,20,20,2,5,5,0.4158,1.0619,1.0909,1.0764,46.84,1016
9,20,20,4,3,2,0.4241,0.9136,1.2645,1.0891,47.77,1027
9,20,20,5,3,5,0.4205,1.1391,1.0386,1.0889,46.55,1032
9,20,20,5,6,1,0.4363,1.1828,0.8880,1.0354,46.71,1041
9,20,20,5,6,3,0.4438,1.1907,0.8735,1.0321,45.98,1043
9,20,20,6,7,10,0.4233,0.9317,1.2398,1.0857,43.62,1024
9,20,20,6,15,3,0.4099,1.0065,1.1513,1.0789,46.82,1009
